sample,.0016078948974609375
summarise,.0056400299072265625
tidy,.19305992126464844
sample,.0016469955444335938
summarise,.0025320053100585938
tidy,.19392800331115723
sample,.0015790462493896484
summarise,.002422809600830078
tidy,.1956949234008789
sample,.08413505554199219
summarise,.0026590824127197266
tidy,.19141387939453125
sample,.0016031265258789062
summarise,.0025129318237304688
tidy,.1927330493927002
sample,.0015981197357177734
summarise,.002463102340698242
tidy,.19332098960876465
sample,.0015740394592285156
summarise,.0023970603942871094
tidy,.27626991271972656
sample,.0015950202941894531
summarise,.002410888671875
tidy,.1903519630432129
sample,.0016858577728271484
summarise,.0024840831756591797
tidy,.19193696975708008
sample,.0017900466918945312
summarise,.002496004104614258
tidy,.2767770290374756
sample,.0016360282897949219
summarise,.0023980140686035156
tidy,.18982219696044922
sample,.0015950202941894531
summarise,.002413034439086914
tidy,.19161510467529297
sample,.0015859603881835938
summarise,.0024628639221191406
tidy,.27330493927001953
sample,.001703023910522461
summarise,.0024161338806152344
tidy,.19103193283081055
sample,.0015659332275390625
summarise,.002420186996459961
tidy,.1922130584716797
sample,.0016019344329833984
summarise,.0025010108947753906
tidy,.19321608543395996
sample,.0017108917236328125
summarise,.08585500717163086
tidy,.194350004196167
sample,.0016398429870605469
summarise,.0025620460510253906
tidy,.193281888961792
sample,.0016090869903564453
summarise,.002418041229248047
tidy,.19435715675354004
sample,.0016129016876220703
summarise,.002435922622680664
tidy,.27630615234375
sample,.0016210079193115234
summarise,.002553224563598633
tidy,.19303297996520996
sample,.001589059829711914
summarise,.0024008750915527344
tidy,.19254398345947266
sample,.0016131401062011719
summarise,.002424001693725586
tidy,.27749013900756836
sample,.0017430782318115234
summarise,.0024709701538085938
tidy,.1926720142364502
sample,.0016298294067382812
summarise,.0024411678314208984
tidy,.19228601455688477
sample,.0017399787902832031
summarise,.0026268959045410156
tidy,.19279909133911133
sample,.0015611648559570312
summarise,.08464813232421875
tidy,.19207286834716797
sample,.0015869140625
summarise,.002421140670776367
tidy,.19213485717773438
sample,.0016238689422607422
summarise,.0025107860565185547
tidy,.19102692604064941
sample,.0016050338745117188
summarise,.0024569034576416016
tidy,.27616095542907715
sample,.0015950202941894531
summarise,.002441883087158203
tidy,.19124507904052734
sample,.0015840530395507812
summarise,.0024929046630859375
tidy,.19188904762268066
sample,.0016219615936279297
summarise,.0025560855865478516
tidy,.2744009494781494
sample,.0017609596252441406
summarise,.002469778060913086
tidy,.19281601905822754
sample,.0016379356384277344
summarise,.0024640560150146484
tidy,.19205403327941895
sample,.0015909671783447266
summarise,.0026471614837646484
tidy,.1938481330871582
sample,.0016148090362548828
summarise,.08411788940429688
tidy,.19266319274902344
sample,.0016129016876220703
summarise,.0024111270904541016
tidy,.19315791130065918
sample,.0015790462493896484
summarise,.0024919509887695312
tidy,.19150495529174805
sample,.0015552043914794922
summarise,.002477884292602539
tidy,.2763700485229492
sample,.001560211181640625
summarise,.002435922622680664
tidy,.19319891929626465
sample,.0015730857849121094
summarise,.0024988651275634766
tidy,.19230198860168457
sample,.0017180442810058594
summarise,.002471923828125
tidy,.273360013961792
sample,.0015990734100341797
summarise,.002515077590942383
tidy,.19354581832885742
sample,.0016560554504394531
summarise,.0024781227111816406
tidy,.190263032913208
sample,.001605987548828125
summarise,.002576112747192383
tidy,.19373202323913574
sample,.0015819072723388672
summarise,.08377981185913086
tidy,.19121599197387695
sample,.001619100570678711
summarise,.0024619102478027344
tidy,.19285202026367188
sample,.0016069412231445312
summarise,.002444028854370117
tidy,.19110989570617676
sample,.0016322135925292969
summarise,.0024449825286865234
tidy,.2765350341796875
sample,.001622915267944336
summarise,.0024309158325195312
tidy,.19268107414245605
sample,.0015869140625
summarise,.002518177032470703
tidy,.19502806663513184
sample,.0015971660614013672
summarise,.002437114715576172
tidy,.28009510040283203
sample,.0016090869903564453
summarise,.0028460025787353516
tidy,.1949598789215088
sample,.0016558170318603516
summarise,.0025680065155029297
tidy,.19623613357543945
sample,.001909017562866211
summarise,.002466917037963867
tidy,.19515299797058105
sample,.0016329288482666016
summarise,.08506298065185547
tidy,.1966381072998047
sample,.0016300678253173828
summarise,.0025610923767089844
tidy,.19533300399780273
sample,.0016100406646728516
summarise,.002591848373413086
tidy,.1930999755859375
sample,.0015687942504882812
summarise,.0024499893188476562
tidy,.2800130844116211
sample,.001708984375
summarise,.0024840831756591797
tidy,.1922440528869629
sample,.001600027084350586
summarise,.002456188201904297
tidy,.1986098289489746
sample,.0016918182373046875
summarise,.0025339126586914062
tidy,.2789578437805176
sample,.0015728473663330078
summarise,.0024728775024414062
tidy,.1959841251373291
sample,.0016090869903564453
summarise,.002498149871826172
tidy,.19394707679748535
sample,.0016140937805175781
summarise,.002502918243408203
tidy,.19515180587768555
sample,.0015850067138671875
summarise,.08461785316467285
tidy,.19501304626464844
sample,.0020411014556884766
summarise,.002566099166870117
tidy,.19968199729919434
sample,.0015981197357177734
summarise,.002460002899169922
tidy,.1993401050567627
sample,.0016911029815673828
summarise,.002443075180053711
tidy,.2791130542755127
sample,.0016911029815673828
summarise,.0024521350860595703
tidy,.195573091506958
sample,.0016651153564453125
summarise,.0024209022521972656
tidy,.19252800941467285
sample,.0015718936920166016
summarise,.002476930618286133
tidy,.2849278450012207
sample,.0016050338745117188
summarise,.002434968948364258
tidy,.19310808181762695
sample,.0017368793487548828
summarise,.002457141876220703
tidy,.1931309700012207
sample,.0016160011291503906
summarise,.002679109573364258
tidy,.19194889068603516
sample,.0015709400177001953
summarise,.08507704734802246
tidy,.192626953125
sample,.0016469955444335938
summarise,.0024509429931640625
tidy,.18989205360412598
sample,.0015840530395507812
summarise,.0024199485778808594
tidy,.19012093544006348
sample,.0015840530395507812
summarise,.002438068389892578
tidy,.2776651382446289
sample,.0016028881072998047
summarise,.002505064010620117
tidy,.19341397285461426
sample,.0015988349914550781
summarise,.0025110244750976562
tidy,.19771599769592285
sample,.0015549659729003906
summarise,.002416849136352539
tidy,.27776002883911133
sample,.001600027084350586
summarise,.002532958984375
tidy,.1977519989013672
sample,.0017020702362060547
summarise,.0023958683013916016
tidy,.1943800449371338
sample,.0016181468963623047
summarise,.002526998519897461
tidy,.19513487815856934
sample,.0015900135040283203
summarise,.08399009704589844
tidy,.19303488731384277
sample,.0015778541564941406
summarise,.002418994903564453
tidy,.19459104537963867
sample,.0015740394592285156
summarise,.002404928207397461
tidy,.1953718662261963
sample,.0015759468078613281
summarise,.0024318695068359375
tidy,.2764730453491211
sample,.0016891956329345703
summarise,.002652883529663086
tidy,.19144487380981445
sample,.0015840530395507812
summarise,.0024580955505371094
tidy,.19158315658569336
sample,.0015599727630615234
summarise,.002482891082763672
tidy,.27881312370300293
sample,.0015978813171386719
summarise,.002431154251098633
tidy,.1946089267730713
sample,.0016009807586669922
summarise,.002446889877319336
tidy,.1916801929473877
sample,.0015819072723388672
summarise,.0024509429931640625
tidy,.19160199165344238
sample,.0016798973083496094
summarise,.08446788787841797
tidy,.19210195541381836
sample,.0016388893127441406
summarise,.002418994903564453
tidy,.1940300464630127
sample,.0016570091247558594
summarise,.002447843551635742
tidy,.19014787673950195
sample,.0015730857849121094
summarise,.002395153045654297
tidy,.27637696266174316
sample,.0016779899597167969
summarise,.0025110244750976562
tidy,.19016504287719727
sample,.0017848014831542969
summarise,.002604961395263672
tidy,.19640398025512695
sample,.0015959739685058594
summarise,.002471923828125
tidy,.27391505241394043
sample,.0015859603881835938
summarise,.0025031566619873047
tidy,.19439911842346191
sample,.0016770362854003906
summarise,.002493143081665039
tidy,.1935291290283203
sample,.0015840530395507812
summarise,.0024831295013427734
tidy,.19308996200561523
sample,.0015850067138671875
summarise,.08622503280639648
tidy,.19426798820495605
sample,.0016450881958007812
summarise,.002531766891479492
tidy,.19144415855407715
sample,.0015900135040283203
summarise,.0025010108947753906
tidy,.1970360279083252
sample,.001683950424194336
summarise,.002457141876220703
tidy,.27935099601745605
sample,.0017120838165283203
summarise,.002490997314453125
tidy,.19560003280639648
sample,.0016710758209228516
summarise,.002483844757080078
tidy,.19628119468688965
sample,.001605987548828125
summarise,.0025131702423095703
tidy,.2783808708190918
sample,.0016350746154785156
summarise,.002515077590942383
tidy,.19642400741577148
sample,.0016450881958007812
summarise,.0024819374084472656
tidy,.1921679973602295
sample,.0016319751739501953
summarise,.0025048255920410156
tidy,.19995498657226562
sample,.0016391277313232422
summarise,.08681106567382812
tidy,.1987299919128418
sample,.001592874526977539
summarise,.002515077590942383
tidy,.19510698318481445
sample,.0016188621520996094
summarise,.002485990524291992
tidy,.19312000274658203
sample,.001638174057006836
summarise,.002446889877319336
tidy,.2805960178375244
sample,.001558065414428711
summarise,.0025818347930908203
tidy,.1928420066833496
sample,.0016849040985107422
summarise,.002444028854370117
tidy,.1963191032409668
sample,.0016028881072998047
summarise,.0028111934661865234
tidy,.28046202659606934
sample,.0016469955444335938
summarise,.002496004104614258
tidy,.19742298126220703
sample,.0015859603881835938
summarise,.0024971961975097656
tidy,.19637298583984375
sample,.0015718936920166016
summarise,.0024399757385253906
tidy,.19781208038330078
sample,.0015721321105957031
summarise,.0854499340057373
tidy,.19768810272216797
sample,.0015761852264404297
summarise,.0024480819702148438
tidy,.19687914848327637
sample,.001600027084350586
summarise,.0024259090423583984
tidy,.19533014297485352
sample,.0015859603881835938
summarise,.0025539398193359375
tidy,.28311800956726074
sample,.0015790462493896484
summarise,.002465963363647461
tidy,.19822096824645996
sample,.0016491413116455078
summarise,.0025548934936523438
tidy,.1934499740600586
sample,.0015871524810791016
summarise,.0024459362030029297
tidy,.2785780429840088
sample,.002012014389038086
summarise,.0025069713592529297
tidy,.1938619613647461
sample,.0016210079193115234
summarise,.002460002899169922
tidy,.19721198081970215
sample,.001859903335571289
summarise,.0024709701538085938
tidy,.1945040225982666
sample,.001645803451538086
summarise,.08609700202941895
tidy,.1931009292602539
sample,.0015709400177001953
summarise,.002505064010620117
tidy,.19484496116638184
sample,.001544952392578125
summarise,.0024650096893310547
tidy,.19500994682312012
sample,.0015730857849121094
summarise,.002446889877319336
tidy,.28856611251831055
sample,.001638174057006836
summarise,.002526998519897461
tidy,.19841313362121582
sample,.0016150474548339844
summarise,.0024919509887695312
tidy,.20152807235717773
sample,.0016109943389892578
summarise,.0024940967559814453
tidy,.27602601051330566
sample,.0015790462493896484
summarise,.002446889877319336
tidy,.19466686248779297
sample,.001561880111694336
summarise,.0024220943450927734
tidy,.19336414337158203
sample,.0015869140625
summarise,.002438068389892578
tidy,.19678902626037598
sample,.001592874526977539
summarise,.08434796333312988
tidy,.1969289779663086
sample,.0016911029815673828
summarise,.002518892288208008
tidy,.19399213790893555
sample,.0016009807586669922
summarise,.002465963363647461
tidy,.19401288032531738
sample,.00162506103515625
summarise,.002499103546142578
tidy,.2803809642791748
sample,.0015981197357177734
summarise,.002422809600830078
tidy,.1951439380645752
sample,.0015811920166015625
summarise,.002580881118774414
tidy,.2009279727935791
sample,.0016460418701171875
summarise,.0025320053100585938
tidy,.29247498512268066
sample,.001573801040649414
summarise,.002431154251098633
tidy,.19870996475219727
sample,.0016298294067382812
summarise,.0025298595428466797
tidy,.19525694847106934
sample,.0015840530395507812
summarise,.0024619102478027344
tidy,.19567584991455078
sample,.001580953598022461
summarise,.08734798431396484
tidy,.19499993324279785
sample,.0016219615936279297
summarise,.0025110244750976562
tidy,.1928849220275879
sample,.0015718936920166016
summarise,.0026040077209472656
tidy,.19395709037780762
sample,.0015540122985839844
summarise,.002529144287109375
tidy,.27890992164611816
sample,.0015871524810791016
summarise,.0024230480194091797
tidy,.191910982131958
sample,.0016870498657226562
summarise,.0025091171264648438
tidy,.19591498374938965
sample,.0016779899597167969
summarise,.0024480819702148438
tidy,.274075984954834
sample,.0015940666198730469
summarise,.002463817596435547
tidy,.19227123260498047
sample,.0018460750579833984
summarise,.0025081634521484375
tidy,.19434809684753418
sample,.0015838146209716797
summarise,.002505779266357422
tidy,.19466495513916016
sample,.0017881393432617188
summarise,.0861961841583252
tidy,.19373178482055664
sample,.0015811920166015625
summarise,.002402067184448242
tidy,.19181513786315918
sample,.001644134521484375
summarise,.002452850341796875
tidy,.19197392463684082
sample,.0016431808471679688
summarise,.002518892288208008
tidy,.2746739387512207
sample,.0015888214111328125
summarise,.002674102783203125
tidy,.1930389404296875
sample,.0016429424285888672
summarise,.002535104751586914
tidy,.20377182960510254
sample,.0015819072723388672
summarise,.0024309158325195312
tidy,.2757079601287842
sample,.0016100406646728516
summarise,.0024938583374023438
tidy,.19603705406188965
sample,.0016739368438720703
summarise,.002569913864135742
tidy,.19675207138061523
sample,.0016789436340332031
summarise,.0025300979614257812
tidy,.19276905059814453
sample,.0016129016876220703
summarise,.08529901504516602
tidy,.19524097442626953
sample,.00162506103515625
summarise,.0025742053985595703
tidy,.19446802139282227
sample,.0015850067138671875
summarise,.0024309158325195312
tidy,.1949918270111084
sample,.0016140937805175781
summarise,.0024819374084472656
tidy,.2780909538269043
sample,.0016999244689941406
summarise,.002402067184448242
tidy,.1944880485534668
sample,.0018038749694824219
summarise,.0025300979614257812
tidy,.19387102127075195
sample,.0018019676208496094
summarise,.002527952194213867
tidy,.2819080352783203
sample,.0016300678253173828
summarise,.002557039260864258
tidy,.19411206245422363
sample,.0015981197357177734
summarise,.002468109130859375
tidy,.19651007652282715
sample,.0015990734100341797
summarise,.0025031566619873047
tidy,.19315814971923828
sample,.0015950202941894531
summarise,.08510398864746094
tidy,.19707608222961426
sample,.0016629695892333984
summarise,.0024521350860595703
tidy,.19336700439453125
sample,.0015590190887451172
summarise,.0024209022521972656
tidy,.19217705726623535
sample,.0015609264373779297
summarise,.0025680065155029297
tidy,.2805900573730469
sample,.001605987548828125
summarise,.002496957778930664
tidy,.1943070888519287
sample,.0017130374908447266
summarise,.002592802047729492
tidy,.1959688663482666
sample,.0016210079193115234
summarise,.0024840831756591797
tidy,.27959513664245605
sample,.0016300678253173828
summarise,.002415180206298828
tidy,.1942300796508789
sample,.0016109943389892578
summarise,.0025818347930908203
tidy,.19138693809509277
sample,.0016071796417236328
summarise,.0025730133056640625
tidy,.19395899772644043
sample,.0015788078308105469
summarise,.08581209182739258
tidy,.19212102890014648
sample,.0016109943389892578
summarise,.002526998519897461
tidy,.1943190097808838
sample,.001664876937866211
summarise,.0024459362030029297
tidy,.1932370662689209
sample,.0015549659729003906
summarise,.002412080764770508
tidy,.2766759395599365
sample,.0015900135040283203
summarise,.0025529861450195312
tidy,.19276714324951172
sample,.0017039775848388672
summarise,.002440929412841797
tidy,.19455194473266602
sample,.0016980171203613281
summarise,.0025250911712646484
tidy,.2815730571746826
sample,.0016300678253173828
summarise,.002404928207397461
tidy,.19731593132019043
sample,.0016150474548339844
summarise,.0024290084838867188
tidy,.1968858242034912
sample,.0015900135040283203
summarise,.00249481201171875
tidy,.19418907165527344
sample,.001737833023071289
summarise,.08656597137451172
tidy,.19731998443603516
sample,.0015938282012939453
summarise,.0025010108947753906
tidy,.19292092323303223
sample,.0016169548034667969
summarise,.002515077590942383
tidy,.19440793991088867
sample,.0015931129455566406
summarise,.002485990524291992
tidy,.2828371524810791
sample,.0015621185302734375
summarise,.0024220943450927734
tidy,.19229817390441895
sample,.001703023910522461
summarise,.002619028091430664
tidy,.19540905952453613
sample,.0016400814056396484
summarise,.002421140670776367
tidy,.2751579284667969
sample,.0017039775848388672
summarise,.002524137496948242
tidy,.19638991355895996
sample,.0017330646514892578
summarise,.0025260448455810547
tidy,.19169902801513672
sample,.001605987548828125
summarise,.002488851547241211
tidy,.1931750774383545
sample,.0017330646514892578
summarise,.08480596542358398
tidy,.19335103034973145
sample,.0015671253204345703
summarise,.002418994903564453
tidy,.19153594970703125
sample,.0015950202941894531
summarise,.002505064010620117
tidy,.1939990520477295
sample,.001728057861328125
summarise,.002474069595336914
tidy,.2771449089050293
sample,.0016231536865234375
summarise,.002532958984375
tidy,.19073700904846191
sample,.0016469955444335938
summarise,.002437114715576172
tidy,.19373512268066406
sample,.00179290771484375
summarise,.002489805221557617
tidy,.27748894691467285
sample,.001600027084350586
summarise,.002516031265258789
tidy,.1937391757965088
sample,.0016169548034667969
summarise,.0024139881134033203
tidy,.19114279747009277
sample,.0017349720001220703
summarise,.0025670528411865234
tidy,.19434809684753418
sample,.0016391277313232422
summarise,.08532309532165527
tidy,.19399714469909668
sample,.0016880035400390625
summarise,.0024900436401367188
tidy,.1925950050354004
sample,.0017330646514892578
summarise,.0024678707122802734
tidy,.19267702102661133
sample,.001569986343383789
summarise,.0025148391723632812
tidy,.27704787254333496
sample,.001680135726928711
summarise,.0024118423461914062
tidy,.20453596115112305
sample,.001940011978149414
summarise,.0026869773864746094
tidy,.19407296180725098
sample,.001608133316040039
summarise,.002541065216064453
tidy,.282275915145874
sample,.0015931129455566406
summarise,.0024819374084472656
tidy,.19292902946472168
sample,.0016438961029052734
summarise,.002444028854370117
tidy,.19479990005493164
sample,.0018091201782226562
summarise,.004082202911376953
tidy,.19496703147888184
sample,.0015888214111328125
summarise,.0851278305053711
tidy,.1947641372680664
sample,.0015790462493896484
summarise,.002704143524169922
tidy,.1966710090637207
sample,.0017180442810058594
summarise,.0024449825286865234
tidy,.196641206741333
sample,.0018780231475830078
summarise,.002412080764770508
tidy,.2844080924987793
sample,.0015609264373779297
summarise,.002443075180053711
tidy,.1960768699645996
sample,.0017399787902832031
summarise,.002474069595336914
tidy,.20154595375061035
sample,.0016100406646728516
summarise,.002483844757080078
tidy,.27877211570739746
sample,.0016269683837890625
summarise,.0026509761810302734
tidy,.1955890655517578
sample,.0016520023345947266
summarise,.002524137496948242
tidy,.19882607460021973
sample,.001661062240600586
summarise,.0024170875549316406
tidy,.19204306602478027
sample,.0016450881958007812
summarise,.08589696884155273
tidy,.19602084159851074
sample,.001650094985961914
summarise,.002505064010620117
tidy,.19143104553222656
sample,.0017399787902832031
summarise,.002418994903564453
tidy,.1912369728088379
sample,.0015530586242675781
summarise,.002480030059814453
tidy,.2792079448699951
sample,.0015621185302734375
summarise,.0024290084838867188
tidy,.1994791030883789
sample,.0016131401062011719
summarise,.0024530887603759766
tidy,.19364595413208008
sample,.001589059829711914
summarise,.002441883087158203
tidy,.2773289680480957
sample,.0017061233520507812
summarise,.002418994903564453
tidy,.19505810737609863
sample,.0016100406646728516
summarise,.0025107860565185547
tidy,.19416093826293945
sample,.0018489360809326172
summarise,.002521038055419922
tidy,.19411897659301758
sample,.0015821456909179688
summarise,.08435201644897461
tidy,.19243788719177246
sample,.0016620159149169922
summarise,.002479076385498047
tidy,.19386792182922363
sample,.00209808349609375
summarise,.0025649070739746094
tidy,.19485092163085938
sample,.0016660690307617188
summarise,.0025148391723632812
tidy,.28301095962524414
sample,.001628875732421875
summarise,.002483844757080078
tidy,.1925029754638672
sample,.0016601085662841797
summarise,.002504110336303711
tidy,.19422507286071777
sample,.0016210079193115234
summarise,.0024878978729248047
tidy,.2768731117248535
sample,.0015721321105957031
summarise,.0028259754180908203
tidy,.19507408142089844
sample,.0015919208526611328
summarise,.0024819374084472656
tidy,.19329309463500977
sample,.0017361640930175781
summarise,.002741098403930664
tidy,.19321393966674805
sample,.001580953598022461
summarise,.08517694473266602
tidy,.1938009262084961
sample,.0015790462493896484
summarise,.0024259090423583984
tidy,.1945939064025879
sample,.002012014389038086
summarise,.0026350021362304688
tidy,.19315099716186523
sample,.0016009807586669922
summarise,.002434968948364258
tidy,.2774019241333008
sample,.0016589164733886719
summarise,.002440214157104492
tidy,.19202494621276855
sample,.002012014389038086
summarise,.0025069713592529297
tidy,.19524908065795898
sample,.0016379356384277344
summarise,.0025250911712646484
tidy,.27870893478393555
sample,.0016028881072998047
summarise,.0024352073669433594
tidy,.1921401023864746
sample,.0015799999237060547
summarise,.0024268627166748047
tidy,.1907649040222168
sample,.0016069412231445312
summarise,.0025060176849365234
tidy,.19421601295471191
sample,.0016491413116455078
summarise,.08499789237976074
tidy,.1902759075164795
sample,.0016269683837890625
summarise,.002518892288208008
tidy,.1932849884033203
sample,.0016210079193115234
summarise,.0025119781494140625
tidy,.19313693046569824
sample,.0016632080078125
summarise,.0023860931396484375
tidy,.27817702293395996
sample,.001605987548828125
summarise,.0024271011352539062
tidy,.19564604759216309
sample,.0016531944274902344
summarise,.0025320053100585938
tidy,.20066404342651367
sample,.0016560554504394531
summarise,.002457141876220703
tidy,.27637195587158203
sample,.0015919208526611328
summarise,.0024678707122802734
tidy,.19242596626281738
sample,.0017719268798828125
summarise,.0025451183319091797
tidy,.19217276573181152
sample,.0015590190887451172
summarise,.0024738311767578125
tidy,.19274497032165527
sample,.0015859603881835938
summarise,.08502483367919922
tidy,.19479084014892578
sample,.0017437934875488281
summarise,.002591848373413086
tidy,.1922318935394287
sample,.0016961097717285156
summarise,.002474069595336914
tidy,.19349098205566406
sample,.0016279220581054688
summarise,.0025331974029541016
tidy,.2773580551147461
sample,.0015749931335449219
summarise,.002485990524291992
tidy,.1944890022277832
sample,.0015969276428222656
summarise,.002457141876220703
tidy,.1930859088897705
sample,.0016820430755615234
summarise,.0024509429931640625
tidy,.27675318717956543
sample,.0020809173583984375
summarise,.0024950504302978516
tidy,.19290494918823242
sample,.0015931129455566406
summarise,.0024411678314208984
tidy,.19571208953857422
sample,.0015671253204345703
summarise,.0024318695068359375
tidy,.19237494468688965
sample,.0016040802001953125
summarise,.08430099487304688
tidy,.19293498992919922
sample,.00162506103515625
summarise,.0026628971099853516
tidy,.1917099952697754
sample,.001583099365234375
summarise,.0024309158325195312
tidy,.19268083572387695
sample,.0015718936920166016
summarise,.0023949146270751953
tidy,.2778768539428711
sample,.0015881061553955078
summarise,.0024328231811523438
tidy,.19106793403625488
sample,.0016510486602783203
summarise,.0024039745330810547
tidy,.1912858486175537
sample,.0016219615936279297
summarise,.002521991729736328
tidy,.27784204483032227
sample,.0016031265258789062
summarise,.0024421215057373047
tidy,.1911768913269043
sample,.0017409324645996094
summarise,.0024209022521972656
tidy,.19408583641052246
sample,.0015649795532226562
summarise,.0024590492248535156
tidy,.19334077835083008
sample,.0016388893127441406
summarise,.0948951244354248
tidy,.19015002250671387
sample,.0015559196472167969
summarise,.0024979114532470703
tidy,.23420095443725586
sample,.0024650096893310547
summarise,.0036368370056152344
tidy,.23770999908447266
sample,.0016911029815673828
summarise,.002454042434692383
tidy,.27561306953430176
sample,.001569986343383789
summarise,.0024018287658691406
tidy,.1905040740966797
sample,.001641988754272461
summarise,.0024628639221191406
tidy,.19336318969726562
sample,.0016529560089111328
summarise,.002543926239013672
tidy,.2792668342590332
sample,.0016570091247558594
summarise,.0024399757385253906
tidy,.19260001182556152
sample,.0016090869903564453
summarise,.0024170875549316406
tidy,.18939685821533203
sample,.001600027084350586
summarise,.002583026885986328
tidy,.19371509552001953
sample,.0016009807586669922
summarise,.08553194999694824
tidy,.19491291046142578
sample,.0015769004821777344
summarise,.0024309158325195312
tidy,.1951298713684082
sample,.0016369819641113281
summarise,.0024199485778808594
tidy,.19034790992736816
sample,.0016589164733886719
summarise,.0025260448455810547
tidy,.281019926071167
sample,.0016040802001953125
summarise,.002418994903564453
tidy,.19656682014465332
sample,.001641988754272461
summarise,.0024819374084472656
tidy,.19721508026123047
sample,.0015769004821777344
summarise,.002586841583251953
tidy,.2763829231262207
sample,.0016231536865234375
summarise,.002538919448852539
tidy,.19266486167907715
sample,.0017049312591552734
summarise,.0024290084838867188
tidy,.19151687622070312
sample,.0016009807586669922
summarise,.0024471282958984375
tidy,.19286704063415527
sample,.0015590190887451172
summarise,.08490800857543945
tidy,.1948540210723877
sample,.0015900135040283203
summarise,.002460956573486328
tidy,.19092988967895508
sample,.0015811920166015625
summarise,.002432107925415039
tidy,.19207501411437988
sample,.0015840530395507812
summarise,.002393960952758789
tidy,.27668213844299316
sample,.001644134521484375
summarise,.002521991729736328
tidy,.19121217727661133
sample,.0015981197357177734
summarise,.0024051666259765625
tidy,.19287991523742676
sample,.0016160011291503906
summarise,.0025010108947753906
tidy,.2760601043701172
sample,.0015637874603271484
summarise,.0024271011352539062
tidy,.19516301155090332
sample,.0015749931335449219
summarise,.002424001693725586
tidy,.19356584548950195
sample,.0015549659729003906
summarise,.002410888671875
tidy,.1958010196685791
sample,.0016198158264160156
summarise,.0848240852355957
tidy,.19175195693969727
sample,.001611948013305664
summarise,.002451181411743164
tidy,.18964385986328125
sample,.0016429424285888672
summarise,.002398967742919922
tidy,.1908719539642334
sample,.0016160011291503906
summarise,.0025060176849365234
tidy,.27781200408935547
sample,.0015969276428222656
summarise,.002424955368041992
tidy,.19153308868408203
sample,.0017380714416503906
summarise,.002504110336303711
tidy,.19334888458251953
sample,.0016138553619384766
summarise,.002508878707885742
tidy,.2754330635070801
sample,.0015881061553955078
summarise,.002489805221557617
tidy,.19402503967285156
sample,.0016150474548339844
summarise,.0025119781494140625
tidy,.19854402542114258
sample,.0016031265258789062
summarise,.0024709701538085938
tidy,.19087600708007812
sample,.0016901493072509766
summarise,.08387303352355957
tidy,.19212889671325684
sample,.0015659332275390625
summarise,.0023970603942871094
tidy,.19187211990356445
sample,.0016710758209228516
summarise,.0025069713592529297
tidy,.19584298133850098
sample,.0016911029815673828
summarise,.002460002899169922
tidy,.27733492851257324
sample,.0015718936920166016
summarise,.0025260448455810547
tidy,.1904599666595459
sample,.001605987548828125
summarise,.0025839805603027344
tidy,.1939711570739746
sample,.0017528533935546875
summarise,.002493143081665039
tidy,.2788078784942627
sample,.0015799999237060547
summarise,.0024170875549316406
tidy,.19682788848876953
sample,.0016078948974609375
summarise,.002454996109008789
tidy,.19064903259277344
sample,.0015490055084228516
summarise,.0024149417877197266
tidy,.1957089900970459
sample,.0015790462493896484
summarise,.08451199531555176
tidy,.19333505630493164
sample,.0016188621520996094
summarise,.002413034439086914
tidy,.19708895683288574
sample,.0015780925750732422
summarise,.0024089813232421875
tidy,.19254708290100098
sample,.0015799999237060547
summarise,.0024580955505371094
tidy,.27880001068115234
sample,.0016849040985107422
summarise,.002526998519897461
tidy,.1942920684814453
sample,.0016770362854003906
summarise,.0026938915252685547
tidy,.19342303276062012
sample,.0016961097717285156
summarise,.002437114715576172
tidy,.2786879539489746
sample,.0015690326690673828
summarise,.0025200843811035156
tidy,.1926870346069336
sample,.0016200542449951172
summarise,.0024220943450927734
tidy,.1927351951599121
sample,.0016031265258789062
summarise,.00251007080078125
tidy,.19398808479309082
sample,.0015370845794677734
summarise,.08629703521728516
tidy,.19613289833068848
sample,.0015981197357177734
summarise,.0024330615997314453
tidy,.19224882125854492
sample,.0015869140625
summarise,.0025589466094970703
tidy,.19048595428466797
sample,.0016930103302001953
summarise,.0025479793548583984
tidy,.2788279056549072
sample,.001569986343383789
summarise,.0024471282958984375
tidy,.19508695602416992
sample,.0016639232635498047
summarise,.0026009082794189453
tidy,.19156098365783691
sample,.001577138900756836
summarise,.0024809837341308594
tidy,.2754330635070801
sample,.001580953598022461
summarise,.002418994903564453
tidy,.19347310066223145
sample,.0015859603881835938
summarise,.0025038719177246094
tidy,.19259190559387207
sample,.0017437934875488281
summarise,.002691030502319336
tidy,.19696497917175293
sample,.0016319751739501953
summarise,.08487606048583984
tidy,.1923389434814453
sample,.0016100406646728516
summarise,.0024499893188476562
tidy,.19403910636901855
sample,.0015912055969238281
summarise,.002588033676147461
tidy,.19272279739379883
sample,.0016248226165771484
summarise,.002518892288208008
tidy,.28023791313171387
sample,.0017290115356445312
summarise,.0026009082794189453
tidy,.19541716575622559
sample,.0017719268798828125
summarise,.002669095993041992
tidy,.19433903694152832
sample,.0016589164733886719
summarise,.002476930618286133
tidy,.27538204193115234
sample,.0016050338745117188
summarise,.0024650096893310547
tidy,.19390392303466797
sample,.0017800331115722656
summarise,.002526998519897461
tidy,.19579505920410156
sample,.0017669200897216797
summarise,.002602100372314453
tidy,.19359397888183594
sample,.001683950424194336
summarise,.08493304252624512
tidy,.1945948600769043
sample,.0015721321105957031
summarise,.002526998519897461
tidy,.19176888465881348
sample,.0015909671783447266
summarise,.0025560855865478516
tidy,.19418001174926758
sample,.00162506103515625
summarise,.0025010108947753906
tidy,.2785937786102295
sample,.0015668869018554688
summarise,.0024390220642089844
tidy,.19006800651550293
sample,.001653909683227539
summarise,.002577066421508789
tidy,.1959090232849121
sample,.001608133316040039
summarise,.002547025680541992
tidy,.28003716468811035
sample,.0016689300537109375
summarise,.0025360584259033203
tidy,.1951889991760254
sample,.0015981197357177734
summarise,.002554178237915039
tidy,.19143986701965332
sample,.0018939971923828125
summarise,.0024709701538085938
tidy,.19417095184326172
sample,.0015919208526611328
summarise,.08529806137084961
tidy,.19384312629699707
sample,.001592874526977539
summarise,.0025780200958251953
tidy,.19252610206604004
sample,.0015819072723388672
summarise,.0026030540466308594
tidy,.19086217880249023
sample,.0016109943389892578
summarise,.0024330615997314453
tidy,.2757539749145508
sample,.0016548633575439453
summarise,.0024700164794921875
tidy,.19258785247802734
sample,.0016160011291503906
summarise,.002680063247680664
tidy,.19270110130310059
sample,.0015971660614013672
summarise,.002429962158203125
tidy,.27900195121765137
sample,.001641988754272461
summarise,.002624034881591797
tidy,.19100093841552734
sample,.0015869140625
summarise,.0024261474609375
tidy,.1919231414794922
sample,.0016050338745117188
summarise,.002507925033569336
tidy,.19135093688964844
sample,.001580953598022461
summarise,.08528304100036621
tidy,.19514107704162598
sample,.0016880035400390625
summarise,.0025060176849365234
tidy,.19324183464050293
sample,.0015969276428222656
summarise,.0026030540466308594
tidy,.1907949447631836
sample,.0017418861389160156
summarise,.0025539398193359375
tidy,.2764120101928711
sample,.0016281604766845703
summarise,.0024290084838867188
tidy,.20395708084106445
sample,.0016570091247558594
summarise,.0026390552520751953
tidy,.19385099411010742
sample,.0015988349914550781
summarise,.002547025680541992
tidy,.2767760753631592
sample,.0015749931335449219
summarise,.0024781227111816406
tidy,.19118499755859375
sample,.0015828609466552734
summarise,.0024471282958984375
tidy,.19131994247436523
sample,.0015499591827392578
summarise,.002424001693725586
tidy,.1914200782775879
sample,.0016570091247558594
summarise,.08524012565612793
tidy,.19097208976745605
sample,.0015759468078613281
summarise,.002460002899169922
tidy,.19323301315307617
sample,.00177001953125
summarise,.002562999725341797
tidy,.1908268928527832
sample,.001561880111694336
summarise,.0024261474609375
tidy,.2803339958190918
sample,.0016260147094726562
summarise,.0024979114532470703
tidy,.1961221694946289
sample,.0015759468078613281
summarise,.0025479793548583984
tidy,.19458508491516113
sample,.0015828609466552734
summarise,.002421855926513672
tidy,.2819859981536865
sample,.0018088817596435547
summarise,.002526998519897461
tidy,.1956479549407959
sample,.0016171932220458984
summarise,.0024459362030029297
tidy,.19421601295471191
sample,.001683950424194336
summarise,.0025599002838134766
tidy,.1928720474243164
sample,.001561880111694336
summarise,.08527398109436035
tidy,.1909940242767334
sample,.0016489028930664062
summarise,.002434968948364258
tidy,.19054293632507324
sample,.0016069412231445312
summarise,.0026979446411132812
tidy,.1923980712890625
sample,.001566171646118164
summarise,.0024421215057373047
tidy,.2799038887023926
sample,.001622915267944336
summarise,.002538919448852539
tidy,.19245195388793945
sample,.0017249584197998047
summarise,.002454042434692383
tidy,.19314002990722656
sample,.0015981197357177734
summarise,.002499103546142578
tidy,.27762913703918457
sample,.0015878677368164062
summarise,.002421140670776367
tidy,.19386887550354004
sample,.0015668869018554688
summarise,.0024199485778808594
tidy,.19144010543823242
sample,.0017080307006835938
summarise,.002507925033569336
tidy,.19162702560424805
sample,.0837090015411377
summarise,.002415895462036133
tidy,.19033384323120117
sample,.001669168472290039
summarise,.002421140670776367
tidy,.19207477569580078
sample,.0016160011291503906
summarise,.002602815628051758
tidy,.19165396690368652
sample,.0016169548034667969
summarise,.0025348663330078125
tidy,.2738940715789795
sample,.001786947250366211
summarise,.002583026885986328
tidy,.19121885299682617
sample,.0015740394592285156
summarise,.002444028854370117
tidy,.19013595581054688
sample,.0016331672668457031
summarise,.0024330615997314453
tidy,.2814769744873047
sample,.0017189979553222656
summarise,.002485036849975586
tidy,.1982560157775879
sample,.00164794921875
summarise,.002523183822631836
tidy,.19565200805664062
sample,.0015540122985839844
summarise,.0024518966674804688
tidy,.2752830982208252
sample,.0015718936920166016
summarise,.0024471282958984375
tidy,.19397902488708496
sample,.0016179084777832031
summarise,.0025131702423095703
tidy,.1942760944366455
sample,.0016100406646728516
summarise,.0024099349975585938
tidy,.19325613975524902
sample,.08354902267456055
summarise,.002508878707885742
tidy,.192641019821167
sample,.0016179084777832031
summarise,.0026290416717529297
tidy,.1901719570159912
sample,.0015611648559570312
summarise,.0026400089263916016
tidy,.19452404975891113
sample,.0016279220581054688
summarise,.0025200843811035156
tidy,.19565892219543457
sample,.0017311573028564453
summarise,.0025060176849365234
tidy,.19414305686950684
sample,.0016200542449951172
summarise,.002521991729736328
tidy,.19131994247436523
sample,.001600027084350586
summarise,.0025548934936523438
tidy,.27715492248535156
sample,.0016400814056396484
summarise,.0023970603942871094
tidy,.19280791282653809
sample,.001641988754272461
summarise,.0025038719177246094
tidy,.19272208213806152
sample,.0015900135040283203
summarise,.002568960189819336
tidy,.28011417388916016
sample,.0015869140625
summarise,.0025489330291748047
tidy,.1942448616027832
sample,.0016148090362548828
summarise,.0025200843811035156
tidy,.19644498825073242
sample,.0015921592712402344
summarise,.0025360584259033203
tidy,.19612979888916016
sample,.08365797996520996
summarise,.002466917037963867
tidy,.1913619041442871
sample,.0015919208526611328
summarise,.0025110244750976562
tidy,.19266486167907715
sample,.0016040802001953125
summarise,.0026531219482421875
tidy,.19544577598571777
sample,.0016269683837890625
summarise,.0025930404663085938
tidy,.19524192810058594
sample,.001611948013305664
summarise,.002502918243408203
tidy,.19163203239440918
sample,.0016031265258789062
summarise,.0024878978729248047
tidy,.19307684898376465
sample,.0015599727630615234
summarise,.002444028854370117
tidy,.2769789695739746
sample,.0016410350799560547
summarise,.002496957778930664
tidy,.1936941146850586
sample,.0016410350799560547
summarise,.0024199485778808594
tidy,.19215798377990723
sample,.0016360282897949219
summarise,.0025110244750976562
tidy,.2762889862060547
sample,.001608133316040039
summarise,.0024881362915039062
tidy,.19152188301086426
sample,.0016980171203613281
summarise,.0024368762969970703
tidy,.1929640769958496
sample,.0015840530395507812
summarise,.0024559497833251953
tidy,.1978750228881836
sample,.08382391929626465
summarise,.0024039745330810547
tidy,.19016194343566895
sample,.001577138900756836
summarise,.0024268627166748047
tidy,.19170308113098145
sample,.001653909683227539
summarise,.0025742053985595703
tidy,.19191813468933105
sample,.0015730857849121094
summarise,.002502918243408203
tidy,.19593310356140137
sample,.0015912055969238281
summarise,.0025169849395751953
tidy,.19028997421264648
sample,.0016269683837890625
summarise,.002465963363647461
tidy,.19133901596069336
sample,.0015590190887451172
summarise,.002415895462036133
tidy,.27742481231689453
sample,.0016028881072998047
summarise,.002402782440185547
tidy,.19356298446655273
sample,.001603841781616211
summarise,.002429962158203125
tidy,.1925489902496338
sample,.0016350746154785156
summarise,.002562999725341797
tidy,.2760319709777832
sample,.0016121864318847656
summarise,.00244903564453125
tidy,.1942141056060791
sample,.0015919208526611328
summarise,.002521991729736328
tidy,.19153594970703125
sample,.0015730857849121094
summarise,.0024709701538085938
tidy,.19830918312072754
sample,.08471894264221191
summarise,.002986907958984375
tidy,.19288897514343262
sample,.0016150474548339844
summarise,.0025339126586914062
tidy,.19382905960083008
sample,.0015900135040283203
summarise,.003065824508666992
tidy,.1966719627380371
sample,.0015840530395507812
summarise,.002498149871826172
tidy,.1949310302734375
sample,.0016360282897949219
summarise,.002482891082763672
tidy,.19295501708984375
sample,.0015959739685058594
summarise,.0024178028106689453
tidy,.19011998176574707
sample,.0016148090362548828
summarise,.002437114715576172
tidy,.2768840789794922
sample,.0015909671783447266
summarise,.00244903564453125
tidy,.19241905212402344
sample,.001605987548828125
summarise,.0025370121002197266
tidy,.19604206085205078
sample,.0015909671783447266
summarise,.002422809600830078
tidy,.2759559154510498
sample,.001644134521484375
summarise,.002537965774536133
tidy,.19314289093017578
sample,.001689910888671875
summarise,.0024499893188476562
tidy,.19488906860351562
sample,.001622915267944336
summarise,.0025179386138916016
tidy,.19528698921203613
sample,.08912992477416992
summarise,.002541065216064453
tidy,.19431591033935547
sample,.0016410350799560547
summarise,.002566814422607422
tidy,.19092392921447754
sample,.0017268657684326172
summarise,.0026400089263916016
tidy,.19434905052185059
sample,.0016150474548339844
summarise,.0846409797668457
tidy,.19672417640686035
sample,.0016090869903564453
summarise,.0024950504302978516
tidy,.1946578025817871
sample,.0016560554504394531
summarise,.002588987350463867
tidy,.20006203651428223
sample,.0015859603881835938
summarise,.002577066421508789
tidy,.27895379066467285
sample,.0015931129455566406
summarise,.0025098323822021484
tidy,.19243597984313965
sample,.0015959739685058594
summarise,.002441883087158203
tidy,.19485998153686523
sample,.0016140937805175781
summarise,.002557039260864258
tidy,.27855920791625977
sample,.0016469955444335938
summarise,.0024118423461914062
tidy,.1934349536895752
sample,.0015940666198730469
summarise,.0025229454040527344
tidy,.19650888442993164
sample,.001703023910522461
summarise,.0024809837341308594
tidy,.19547796249389648
sample,.08993697166442871
summarise,.002621889114379883
tidy,.19235610961914062
sample,.0015761852264404297
summarise,.0025238990783691406
tidy,.19269990921020508
sample,.0015900135040283203
summarise,.0026090145111083984
tidy,.19535589218139648
sample,.0015769004821777344
summarise,.08515191078186035
tidy,.1924419403076172
sample,.0015687942504882812
summarise,.002454996109008789
tidy,.19353413581848145
sample,.0015730857849121094
summarise,.002535104751586914
tidy,.19240498542785645
sample,.0015900135040283203
summarise,.0024302005767822266
tidy,.2774488925933838
sample,.0017499923706054688
summarise,.002431154251098633
tidy,.1946420669555664
sample,.0016720294952392578
summarise,.002441883087158203
tidy,.1939711570739746
sample,.0017368793487548828
summarise,.002582073211669922
tidy,.28708910942077637
sample,.0016109943389892578
summarise,.0025110244750976562
tidy,.2090132236480713
sample,.0016560554504394531
summarise,.0025930404663085938
tidy,.19564414024353027
sample,.00179290771484375
summarise,.0025599002838134766
tidy,.19615697860717773
sample,.08613085746765137
summarise,.0024209022521972656
tidy,.19530010223388672
sample,.00156402587890625
summarise,.0024590492248535156
tidy,.19357895851135254
sample,.0015721321105957031
summarise,.0025670528411865234
tidy,.1941089630126953
sample,.001569986343383789
summarise,.08710789680480957
tidy,.21083807945251465
sample,.0015578269958496094
summarise,.0024750232696533203
tidy,.2023789882659912
sample,.0015749931335449219
summarise,.0026810169219970703
tidy,.20374798774719238
sample,.0017230510711669922
summarise,.0024139881134033203
tidy,.2965669631958008
sample,.0016047954559326172
summarise,.002521038055419922
tidy,.19269108772277832
sample,.0015919208526611328
summarise,.00273895263671875
tidy,.20141386985778809
sample,.0016260147094726562
summarise,.0025260448455810547
tidy,.2792551517486572
sample,.0015978813171386719
summarise,.0024640560150146484
tidy,.19290590286254883
sample,.0015978813171386719
summarise,.002432107925415039
tidy,.19978713989257812
sample,.0015931129455566406
summarise,.0025069713592529297
tidy,.1957240104675293
sample,.0018360614776611328
summarise,.0026738643646240234
tidy,.1940619945526123
sample,.0016391277313232422
summarise,.0026161670684814453
tidy,.2000579833984375
sample,.0015881061553955078
summarise,.002562999725341797
tidy,.19513511657714844
sample,.0016078948974609375
summarise,.0856781005859375
tidy,.19325494766235352
sample,.0017459392547607422
summarise,.0024509429931640625
tidy,.1917729377746582
sample,.0016071796417236328
summarise,.0025129318237304688
tidy,.1950380802154541
sample,.0015850067138671875
summarise,.002593994140625
tidy,.28177905082702637
sample,.0018069744110107422
summarise,.0025110244750976562
tidy,.1959998607635498
sample,.0016431808471679688
summarise,.0024499893188476562
tidy,.19208502769470215
sample,.0018351078033447266
summarise,.0032460689544677734
tidy,.28446197509765625
sample,.0015799999237060547
summarise,.002465963363647461
tidy,.19211196899414062
sample,.001622915267944336
summarise,.002432107925415039
tidy,.19442009925842285
sample,.0015969276428222656
summarise,.002444028854370117
tidy,.1944890022277832
sample,.0017330646514892578
summarise,.002541065216064453
tidy,.19640398025512695
sample,.0016181468963623047
summarise,.0024759769439697266
tidy,.1935558319091797
sample,.0015959739685058594
summarise,.002789020538330078
tidy,.19278788566589355
sample,.0016169548034667969
summarise,.08490586280822754
tidy,.19434189796447754
sample,.0016078948974609375
summarise,.0024449825286865234
tidy,.1907360553741455
sample,.0016140937805175781
summarise,.0026378631591796875
tidy,.19713783264160156
sample,.0016179084777832031
summarise,.0025370121002197266
tidy,.2834908962249756
sample,.0017249584197998047
summarise,.002512216567993164
tidy,.1940441131591797
sample,.0016710758209228516
summarise,.0025420188903808594
tidy,.19572091102600098
sample,.0017421245574951172
summarise,.002518892288208008
tidy,.2842838764190674
sample,.0016529560089111328
summarise,.002429962158203125
tidy,.19341707229614258
sample,.0016908645629882812
summarise,.0028030872344970703
tidy,.19510102272033691
sample,.0016870498657226562
summarise,.002410888671875
tidy,.19781708717346191
sample,.0018188953399658203
summarise,.002540111541748047
tidy,.21776795387268066
sample,.002198934555053711
summarise,.0036771297454833984
tidy,.20590496063232422
sample,.0017158985137939453
summarise,.002871990203857422
tidy,.21462583541870117
sample,.0017268657684326172
summarise,.09839701652526855
tidy,.23486614227294922
sample,.0020711421966552734
summarise,.0031740665435791016
tidy,.21919918060302734
sample,.0017788410186767578
summarise,.0026471614837646484
tidy,.2005929946899414
sample,.001589059829711914
summarise,.002518177032470703
tidy,.28912901878356934
sample,.0015959739685058594
summarise,.0024449825286865234
tidy,.20271801948547363
sample,.0016188621520996094
summarise,.002529144287109375
tidy,.20552492141723633
sample,.0016012191772460938
summarise,.002769947052001953
tidy,.3004300594329834
sample,.0017421245574951172
summarise,.0025680065155029297
tidy,.21422600746154785
sample,.0017018318176269531
summarise,.0026590824127197266
tidy,.20612001419067383
sample,.0016379356384277344
summarise,.002599000930786133
tidy,.2111959457397461
sample,.0017011165618896484
summarise,.002429962158203125
tidy,.19300293922424316
sample,.001608133316040039
summarise,.002465963363647461
tidy,.19263601303100586
sample,.0016980171203613281
summarise,.0025589466094970703
tidy,.1930398941040039
sample,.001605987548828125
summarise,.08578205108642578
tidy,.1984720230102539
sample,.0016391277313232422
summarise,.002560853958129883
tidy,.20346784591674805
sample,.00167083740234375
summarise,.002540111541748047
tidy,.19643592834472656
sample,.001825094223022461
summarise,.002535104751586914
tidy,.2866849899291992
sample,.0015950202941894531
summarise,.0024538040161132812
tidy,.21577692031860352
sample,.0016222000122070312
summarise,.002485990524291992
tidy,.19864106178283691
sample,.0016741752624511719
summarise,.0025119781494140625
tidy,.2758769989013672
sample,.0016520023345947266
summarise,.002457857131958008
tidy,.21347999572753906
sample,.0016438961029052734
summarise,.0028541088104248047
tidy,.2091379165649414
sample,.001734018325805664
summarise,.002557039260864258
tidy,.20423293113708496
sample,.0016291141510009766
summarise,.0024309158325195312
tidy,.1967170238494873
sample,.0016210079193115234
summarise,.002585887908935547
tidy,.1980431079864502
sample,.0017728805541992188
summarise,.00267791748046875
tidy,.19867300987243652
sample,.0016450881958007812
summarise,.0877070426940918
tidy,.19681906700134277
sample,.0015861988067626953
summarise,.002482891082763672
tidy,.19685912132263184
sample,.0016520023345947266
summarise,.002521991729736328
tidy,.20322704315185547
sample,.0016829967498779297
summarise,.0025849342346191406
tidy,.2915778160095215
sample,.0017228126525878906
summarise,.0024700164794921875
tidy,.20318603515625
sample,.0015859603881835938
summarise,.0025129318237304688
tidy,.1941690444946289
sample,.001828908920288086
summarise,.0025131702423095703
tidy,.27994704246520996
sample,.0015790462493896484
summarise,.002460956573486328
tidy,.19269895553588867
sample,.00173187255859375
summarise,.0026209354400634766
tidy,.19253301620483398
sample,.0017008781433105469
summarise,.00244903564453125
tidy,.2752249240875244
sample,.0016579627990722656
summarise,.0024518966674804688
tidy,.1919240951538086
sample,.0016040802001953125
summarise,.002462148666381836
tidy,.1943199634552002
sample,.001605987548828125
summarise,.0026459693908691406
tidy,.19326186180114746
sample,.0015780925750732422
summarise,.08567595481872559
tidy,.19462299346923828
sample,.001589059829711914
summarise,.0026929378509521484
tidy,.1920452117919922
sample,.0015859603881835938
summarise,.002441883087158203
tidy,.19127416610717773
sample,.0015959739685058594
summarise,.002462148666381836
tidy,.27666378021240234
sample,.0016150474548339844
summarise,.002446889877319336
tidy,.19401192665100098
sample,.0016028881072998047
summarise,.0025169849395751953
tidy,.1940159797668457
sample,.0015821456909179688
summarise,.002599000930786133
tidy,.27953290939331055
sample,.001981019973754883
summarise,.0025069713592529297
tidy,.1925218105316162
sample,.0016188621520996094
summarise,.0024538040161132812
tidy,.19117116928100586
sample,.0016019344329833984
summarise,.00244903564453125
tidy,.27333784103393555
sample,.0017099380493164062
summarise,.0024449825286865234
tidy,.19162988662719727
sample,.0016579627990722656
summarise,.0026137828826904297
tidy,.19342708587646484
sample,.001600027084350586
summarise,.0025930404663085938
tidy,.19373583793640137
sample,.0015850067138671875
summarise,.08448004722595215
tidy,.19774913787841797
sample,.001605987548828125
summarise,.0024988651275634766
tidy,.19298386573791504
sample,.0017371177673339844
summarise,.002599000930786133
tidy,.2043008804321289
sample,.001558065414428711
summarise,.0024118423461914062
tidy,.3302731513977051
sample,.0024940967559814453
summarise,.0030679702758789062
tidy,.27816200256347656
sample,.0027930736541748047
summarise,.004121065139770508
tidy,.29814577102661133
sample,.002585887908935547
summarise,.0037899017333984375
tidy,.3885958194732666
sample,.0026199817657470703
summarise,.0037119388580322266
tidy,.2597658634185791
sample,.001622915267944336
summarise,.002444028854370117
tidy,.20225286483764648
sample,.001722097396850586
summarise,.002561807632446289
tidy,.30253005027770996
sample,.0016269683837890625
summarise,.002434968948364258
tidy,.20982813835144043
sample,.0015799999237060547
summarise,.0025358200073242188
tidy,.1971149444580078
sample,.0018999576568603516
summarise,.0026009082794189453
tidy,.20933294296264648
sample,.0016410350799560547
summarise,.09431099891662598
tidy,.2106940746307373
sample,.0017600059509277344
summarise,.002691030502319336
tidy,.22220492362976074
sample,.0016679763793945312
summarise,.0025701522827148438
tidy,.2074570655822754
sample,.001592874526977539
summarise,.0025069713592529297
tidy,.29751014709472656
sample,.0018401145935058594
summarise,.002895832061767578
tidy,.2008531093597412
sample,.0015840530395507812
summarise,.0024759769439697266
tidy,.19829392433166504
sample,.0015950202941894531
summarise,.0025777816772460938
tidy,.2832021713256836
sample,.0016210079193115234
summarise,.002513885498046875
tidy,.1980750560760498
sample,.0015969276428222656
summarise,.0024390220642089844
tidy,.19703984260559082
sample,.0015900135040283203
summarise,.0025169849395751953
tidy,.2821509838104248
sample,.001734018325805664
summarise,.0026831626892089844
tidy,.19776487350463867
sample,.0016481876373291016
summarise,.0027909278869628906
tidy,.19849491119384766
sample,.0017101764678955078
summarise,.002499103546142578
tidy,.20183897018432617
sample,.0016031265258789062
summarise,.09268808364868164
tidy,.20105314254760742
sample,.0015609264373779297
summarise,.0024139881134033203
tidy,.2086191177368164
sample,.0025730133056640625
summarise,.004149913787841797
tidy,.2502291202545166
sample,.0015909671783447266
summarise,.0026340484619140625
tidy,.28620219230651855
sample,.0020551681518554688
summarise,.0027179718017578125
tidy,.21890687942504883
sample,.001798868179321289
summarise,.0025980472564697266
tidy,.21039104461669922
sample,.001569986343383789
summarise,.0025129318237304688
tidy,.29059886932373047
sample,.001931905746459961
summarise,.0028128623962402344
tidy,.19963312149047852
sample,.001561880111694336
summarise,.0024290084838867188
tidy,.19975495338439941
sample,.0016150474548339844
summarise,.0025298595428466797
tidy,.28033900260925293
sample,.0016667842864990234
summarise,.002524852752685547
tidy,.19431185722351074
sample,.001611948013305664
summarise,.0025229454040527344
tidy,.19153809547424316
sample,.0017099380493164062
summarise,.002543926239013672
tidy,.19306302070617676
sample,.0015871524810791016
summarise,.08564209938049316
tidy,.19180917739868164
sample,.0015687942504882812
summarise,.002451181411743164
tidy,.19513797760009766
sample,.001547098159790039
summarise,.0026149749755859375
tidy,.19702720642089844
sample,.0015349388122558594
summarise,.002483844757080078
tidy,.28590893745422363
sample,.0016379356384277344
summarise,.0030570030212402344
tidy,.20298099517822266
sample,.0016980171203613281
summarise,.0024030208587646484
tidy,.20083308219909668
sample,.0015900135040283203
summarise,.002454042434692383
tidy,.2832670211791992
sample,.0015978813171386719
summarise,.002473115921020508
tidy,.19432592391967773
sample,.0017528533935546875
summarise,.0029060840606689453
tidy,.2099609375
sample,.0016880035400390625
summarise,.0026960372924804688
tidy,.2923572063446045
sample,.0015859603881835938
summarise,.0027921199798583984
tidy,.20636892318725586
sample,.0017209053039550781
summarise,.002735137939453125
tidy,.20532798767089844
sample,.0017199516296386719
summarise,.0024368762969970703
tidy,.19881606101989746
sample,.0016050338745117188
summarise,.09230685234069824
tidy,.22508001327514648
sample,.0016841888427734375
summarise,.0024640560150146484
tidy,.20972108840942383
sample,.001611948013305664
summarise,.003330230712890625
tidy,.20882391929626465
sample,.0016582012176513672
summarise,.002550840377807617
tidy,.2948620319366455
sample,.0017800331115722656
summarise,.002705812454223633
tidy,.2054460048675537
sample,.0017151832580566406
summarise,.0027899742126464844
tidy,.2027909755706787
sample,.001737833023071289
summarise,.0027151107788085938
tidy,.2928450107574463
sample,.0016620159149169922
summarise,.00251007080078125
tidy,.20885896682739258
sample,.0016589164733886719
summarise,.0024061203002929688
tidy,.20444393157958984
sample,.0016040802001953125
summarise,.002493143081665039
tidy,.2815399169921875
sample,.0016129016876220703
summarise,.002435922622680664
tidy,.1984241008758545
sample,.0017361640930175781
summarise,.0024640560150146484
tidy,.19278502464294434
sample,.0016291141510009766
summarise,.0024487972259521484
tidy,.1990208625793457
sample,.0017199516296386719
summarise,.10376405715942383
tidy,.1979811191558838
sample,.001589059829711914
summarise,.002460002899169922
tidy,.19684791564941406
sample,.0016300678253173828
summarise,.0026209354400634766
tidy,.19791793823242188
sample,.0016200542449951172
summarise,.0024759769439697266
tidy,.28021883964538574
sample,.001600027084350586
summarise,.002583026885986328
tidy,.19716501235961914
sample,.001641988754272461
summarise,.002857208251953125
tidy,.20033693313598633
sample,.0015799999237060547
summarise,.0024149417877197266
tidy,.282390832901001
sample,.0015919208526611328
summarise,.0024499893188476562
tidy,.19881200790405273
sample,.001569986343383789
summarise,.0024480819702148438
tidy,.19809699058532715
sample,.0016531944274902344
summarise,.002721071243286133
tidy,.28667688369750977
sample,.0016579627990722656
summarise,.0026140213012695312
tidy,.19782590866088867
sample,.0015988349914550781
summarise,.002421855926513672
tidy,.1927168369293213
sample,.001608133316040039
summarise,.0024518966674804688
tidy,.19410109519958496
sample,.0015718936920166016
summarise,.0883641242980957
tidy,.20064997673034668
sample,.0016291141510009766
summarise,.0026450157165527344
tidy,.19437503814697266
sample,.0016131401062011719
summarise,.0026950836181640625
tidy,.1893301010131836
sample,.001631021499633789
summarise,.0024309158325195312
tidy,.28638195991516113
sample,.0016589164733886719
summarise,.002434968948364258
tidy,.19021296501159668
sample,.0016210079193115234
summarise,.0024449825286865234
tidy,.18777894973754883
sample,.0015950202941894531
summarise,.0024302005767822266
tidy,.27295899391174316
sample,.0016069412231445312
summarise,.0025069713592529297
tidy,.18872284889221191
sample,.0016880035400390625
summarise,.0024328231811523438
tidy,.19585609436035156
sample,.0017178058624267578
summarise,.0025081634521484375
tidy,.2773919105529785
sample,.0016820430755615234
summarise,.0025207996368408203
tidy,.19491791725158691
sample,.0016329288482666016
summarise,.002516031265258789
tidy,.19182610511779785
sample,.0016560554504394531
summarise,.0024340152740478516
tidy,.19219112396240234
sample,.0016231536865234375
summarise,.0845949649810791
tidy,.1892688274383545
sample,.0016031265258789062
summarise,.0024378299713134766
tidy,.19389581680297852
sample,.0016090869903564453
summarise,.002601146697998047
tidy,.1901230812072754
sample,.0015988349914550781
summarise,.0024788379669189453
tidy,.273867130279541
sample,.0015969276428222656
summarise,.0024318695068359375
tidy,.19481515884399414
sample,.0016429424285888672
summarise,.0025191307067871094
tidy,.19263100624084473
sample,.0016100406646728516
summarise,.0024819374084472656
tidy,.271655797958374
sample,.0016300678253173828
summarise,.002547025680541992
tidy,.19472503662109375
sample,.0016050338745117188
summarise,.002444028854370117
tidy,.19131898880004883
sample,.0016200542449951172
summarise,.0024340152740478516
tidy,.277662992477417
sample,.0015649795532226562
summarise,.002431154251098633
tidy,.1883080005645752
sample,.001589059829711914
summarise,.0024459362030029297
tidy,.19052696228027344
sample,.0016279220581054688
summarise,.002479076385498047
tidy,.19118380546569824
sample,.0015840530395507812
summarise,.08281898498535156
tidy,.19518613815307617
sample,.0016400814056396484
summarise,.002521991729736328
tidy,.19354820251464844
sample,.00162506103515625
summarise,.0026907920837402344
tidy,.19313812255859375
sample,.0016319751739501953
summarise,.0025098323822021484
tidy,.27764201164245605
sample,.0016269683837890625
summarise,.0025300979614257812
tidy,.1918470859527588
sample,.0016579627990722656
summarise,.002444028854370117
tidy,.19216704368591309
sample,.0015950202941894531
summarise,.002443075180053711
tidy,.27208900451660156
sample,.0016021728515625
summarise,.002434968948364258
tidy,.1885700225830078
sample,.001600027084350586
summarise,.002496004104614258
tidy,.1906569004058838
sample,.0015850067138671875
summarise,.0024230480194091797
tidy,.2793700695037842
sample,.001600027084350586
summarise,.002521038055419922
tidy,.19475388526916504
sample,.0016279220581054688
summarise,.0025179386138916016
tidy,.19386720657348633
sample,.0016219615936279297
summarise,.0025250911712646484
tidy,.19031190872192383
sample,.0015871524810791016
summarise,.0826270580291748
tidy,.19075703620910645
sample,.0016551017761230469
summarise,.002516031265258789
tidy,.19727301597595215
sample,.0016257762908935547
summarise,.0026819705963134766
tidy,.19620394706726074
sample,.0016291141510009766
summarise,.002507925033569336
tidy,.2758140563964844
sample,.0016770362854003906
summarise,.002521991729736328
tidy,.19324803352355957
sample,.0016329288482666016
summarise,.002532958984375
tidy,.19574689865112305
sample,.0016210079193115234
summarise,.0025169849395751953
tidy,.27191805839538574
sample,.0016088485717773438
summarise,.0024390220642089844
tidy,.19098210334777832
sample,.0016579627990722656
summarise,.002454042434692383
tidy,.1895589828491211
sample,.0015921592712402344
summarise,.002479076385498047
tidy,.2712728977203369
sample,.0016169548034667969
summarise,.002502918243408203
tidy,.19692277908325195
sample,.0016329288482666016
summarise,.002521038055419922
tidy,.19525599479675293
sample,.001611948013305664
summarise,.00255584716796875
tidy,.19436001777648926
sample,.0015959739685058594
summarise,.08521389961242676
tidy,.1960430145263672
sample,.0016551017761230469
summarise,.002568960189819336
tidy,.19913697242736816
sample,.0016279220581054688
summarise,.002685070037841797
tidy,.19311904907226562
sample,.0016210079193115234
summarise,.002505064010620117
tidy,.2765939235687256
sample,.0016410350799560547
summarise,.002446889877319336
tidy,.18951106071472168
sample,.0016329288482666016
summarise,.002416849136352539
tidy,.19235014915466309
sample,.0015861988067626953
summarise,.002413034439086914
tidy,.27434802055358887
sample,.0016279220581054688
summarise,.0024330615997314453
tidy,.1876850128173828
sample,.0016579627990722656
summarise,.0024161338806152344
tidy,.19116997718811035
sample,.0016341209411621094
summarise,.0024089813232421875
tidy,.27865099906921387
sample,.0016219615936279297
summarise,.002547025680541992
tidy,.19420289993286133
sample,.0016341209411621094
summarise,.0025107860565185547
tidy,.1885688304901123
sample,.0015940666198730469
summarise,.0024471282958984375
tidy,.18820786476135254
sample,.0016431808471679688
summarise,.08248782157897949
tidy,.18739008903503418
sample,.0016241073608398438
summarise,.002424955368041992
tidy,.18887591361999512
sample,.0016050338745117188
summarise,.00257110595703125
tidy,.19425606727600098
sample,.0016090869903564453
summarise,.002526998519897461
tidy,.27161192893981934
sample,.0016200542449951172
summarise,.0024580955505371094
tidy,.19065499305725098
sample,.0016369819641113281
summarise,.002421855926513672
tidy,.1896529197692871
sample,.0015799999237060547
summarise,.002438783645629883
tidy,.2730278968811035
sample,.0016219615936279297
summarise,.0024290084838867188
tidy,.18787503242492676
sample,.0016121864318847656
summarise,.002434968948364258
tidy,.19061613082885742
sample,.0016279220581054688
summarise,.00251007080078125
tidy,.2689220905303955
sample,.0015709400177001953
summarise,.002421140670776367
tidy,.19098901748657227
sample,.0016291141510009766
summarise,.0025141239166259766
tidy,.19218993186950684
sample,.0015840530395507812
summarise,.0024390220642089844
tidy,.1935279369354248
sample,.0016551017761230469
summarise,.08406186103820801
tidy,.19159603118896484
sample,.0016021728515625
summarise,.0024881362915039062
tidy,.19294404983520508
sample,.001596212387084961
summarise,.002630949020385742
tidy,.191558837890625
sample,.0016331672668457031
summarise,.0025060176849365234
tidy,.28188204765319824
sample,.0016140937805175781
summarise,.0024518966674804688
tidy,.1881110668182373
sample,.001628875732421875
summarise,.0024700164794921875
tidy,.19226980209350586
sample,.0015969276428222656
summarise,.0024051666259765625
tidy,.27401208877563477
sample,.0016219615936279297
summarise,.0025560855865478516
tidy,.19837498664855957
sample,.001669168472290039
summarise,.002559185028076172
tidy,.19549894332885742
sample,.0017390251159667969
summarise,.002499103546142578
tidy,.2724180221557617
sample,.0015959739685058594
summarise,.0024640560150146484
tidy,.18988585472106934
sample,.0016160011291503906
summarise,.0024538040161132812
tidy,.18984603881835938
sample,.0015909671783447266
summarise,.0024280548095703125
tidy,.19139814376831055
sample,.0015778541564941406
summarise,.08423590660095215
tidy,.1963510513305664
sample,.0016460418701171875
summarise,.0025260448455810547
tidy,.19048810005187988
sample,.0015871524810791016
summarise,.0025970935821533203
tidy,.19071412086486816
sample,.001605987548828125
summarise,.002515077590942383
tidy,.2757909297943115
sample,.0016181468963623047
summarise,.0024170875549316406
tidy,.19101285934448242
sample,.0015840530395507812
summarise,.002501964569091797
tidy,.18929314613342285
sample,.0016829967498779297
summarise,.0024061203002929688
tidy,.27190709114074707
sample,.001592874526977539
summarise,.002483844757080078
tidy,.1911640167236328
sample,.0016260147094726562
summarise,.002460956573486328
tidy,.19468998908996582
sample,.0016298294067382812
summarise,.002443075180053711
tidy,.26909589767456055
sample,.0015959739685058594
summarise,.00244903564453125
tidy,.18857097625732422
sample,.0016429424285888672
summarise,.002413034439086914
tidy,.1886310577392578
sample,.0015790462493896484
summarise,.002422809600830078
tidy,.19086694717407227
sample,.0016040802001953125
summarise,.08434391021728516
tidy,.1883080005645752
sample,.001605987548828125
summarise,.0024929046630859375
tidy,.18946218490600586
sample,.0016660690307617188
summarise,.002588033676147461
tidy,.19040989875793457
sample,.0015819072723388672
summarise,.0024640560150146484
tidy,.27559900283813477
sample,.0015897750854492188
summarise,.002393960952758789
tidy,.20601511001586914
sample,.0020399093627929688
summarise,.0025827884674072266
tidy,.1930081844329834
sample,.0015900135040283203
summarise,.0024390220642089844
tidy,.2756309509277344
sample,.0016131401062011719
summarise,.0024459362030029297
tidy,.1940469741821289
sample,.0016350746154785156
summarise,.0025169849395751953
tidy,.19730496406555176
sample,.0015881061553955078
summarise,.0024309158325195312
tidy,.2725348472595215
sample,.0015799999237060547
summarise,.0028040409088134766
tidy,.19365501403808594
sample,.0016241073608398438
summarise,.0028100013732910156
tidy,.18918490409851074
sample,.0015959739685058594
summarise,.0024640560150146484
tidy,.19074606895446777
sample,.0015959739685058594
summarise,.08369994163513184
tidy,.1878829002380371
sample,.001605987548828125
summarise,.002452850341796875
tidy,.19005298614501953
sample,.0016341209411621094
summarise,.0028829574584960938
tidy,.18990612030029297
sample,.0015740394592285156
summarise,.0024449825286865234
tidy,.27285194396972656
sample,.0016100406646728516
summarise,.0024161338806152344
tidy,.18936777114868164
sample,.0016150474548339844
summarise,.0024411678314208984
tidy,.18775701522827148
sample,.0015811920166015625
summarise,.0024330615997314453
tidy,.27051806449890137
sample,.0016050338745117188
summarise,.002457141876220703
tidy,.19030404090881348
sample,.0015990734100341797
summarise,.0024230480194091797
tidy,.19261598587036133
sample,.00160980224609375
summarise,.002412080764770508
tidy,.2729361057281494
sample,.0015649795532226562
summarise,.0024290084838867188
tidy,.19059991836547852
sample,.0016269683837890625
summarise,.0025169849395751953
tidy,.18709611892700195
sample,.001605987548828125
summarise,.0025382041931152344
tidy,.1878058910369873
sample,.0018608570098876953
summarise,.08418607711791992
tidy,.18984317779541016
sample,.00162506103515625
summarise,.0025119781494140625
tidy,.19388508796691895
sample,.0016357898712158203
summarise,.0026819705963134766
tidy,.19489097595214844
sample,.0016019344329833984
summarise,.0025320053100585938
tidy,.2712240219116211
sample,.0016360282897949219
summarise,.002438068389892578
tidy,.19024896621704102
sample,.0016849040985107422
summarise,.0025300979614257812
tidy,.1931900978088379
sample,.0016369819641113281
summarise,.002532958984375
tidy,.2695019245147705
sample,.0016071796417236328
summarise,.0024449825286865234
tidy,.18980002403259277
sample,.00162506103515625
summarise,.0024330615997314453
tidy,.18997406959533691
sample,.0016100406646728516
summarise,.0024759769439697266
tidy,.2772679328918457
sample,.001608133316040039
summarise,.0025169849395751953
tidy,.19696688652038574
sample,.0016510486602783203
summarise,.002521038055419922
tidy,.1965780258178711
sample,.001683950424194336
summarise,.0025670528411865234
tidy,.1903541088104248
sample,.0015859603881835938
summarise,.08298492431640625
tidy,.19157695770263672
sample,.0016448497772216797
summarise,.0025060176849365234
tidy,.19116997718811035
sample,.0015931129455566406
summarise,.00257110595703125
tidy,.18886399269104004
sample,.0015859603881835938
summarise,.002424955368041992
tidy,.27288198471069336
sample,.0016040802001953125
summarise,.0024437904357910156
tidy,.18923592567443848
sample,.0016279220581054688
summarise,.002525806427001953
tidy,.1939690113067627
sample,.0016579627990722656
summarise,.002529144287109375
tidy,.27791500091552734
sample,.0016138553619384766
summarise,.002446889877319336
tidy,.18857192993164062
sample,.0016322135925292969
summarise,.0024459362030029297
tidy,.1891782283782959
sample,.001580953598022461
summarise,.0024149417877197266
tidy,.2744941711425781
sample,.0016109943389892578
summarise,.002521991729736328
tidy,.19011902809143066
sample,.0015869140625
summarise,.0024499893188476562
tidy,.18726110458374023
sample,.0015878677368164062
summarise,.0024809837341308594
tidy,.19088101387023926
sample,.0015759468078613281
summarise,.08557486534118652
tidy,.18922090530395508
sample,.0016620159149169922
summarise,.0025031566619873047
tidy,.19414281845092773
sample,.0016329288482666016
summarise,.002686023712158203
tidy,.1947159767150879
sample,.0015790462493896484
summarise,.002424001693725586
tidy,.2718470096588135
sample,.0016570091247558594
summarise,.0024378299713134766
tidy,.1893930435180664
sample,.0016360282897949219
summarise,.002437114715576172
tidy,.19210410118103027
sample,.0016639232635498047
summarise,.0025081634521484375
tidy,.2816629409790039
sample,.001622915267944336
summarise,.0025429725646972656
tidy,.19575881958007812
sample,.0016300678253173828
summarise,.0025238990783691406
tidy,.19762182235717773
sample,.0016169548034667969
summarise,.0025072097778320312
tidy,.2778899669647217
sample,.001631021499633789
summarise,.002427816390991211
tidy,.18979501724243164
sample,.0016078948974609375
summarise,.0024390220642089844
tidy,.18782591819763184
sample,.0016100406646728516
summarise,.0024271011352539062
tidy,.1896648406982422
sample,.0016121864318847656
summarise,.08312416076660156
tidy,.19011592864990234
sample,.0015990734100341797
summarise,.0024290084838867188
tidy,.1921710968017578
sample,.0016169548034667969
summarise,.002588033676147461
tidy,.18847298622131348
sample,.0016028881072998047
summarise,.0024690628051757812
tidy,.2718179225921631
sample,.0015909671783447266
summarise,.002466917037963867
tidy,.19069314002990723
sample,.0016438961029052734
summarise,.002488851547241211
tidy,.18880701065063477
sample,.0016109943389892578
summarise,.0025529861450195312
tidy,.2699100971221924
sample,.0015900135040283203
summarise,.0024390220642089844
tidy,.18929100036621094
sample,.0016031265258789062
summarise,.0024499893188476562
tidy,.1903209686279297
sample,.0016338825225830078
summarise,.0024328231811523438
tidy,.2694969177246094
sample,.0015869140625
summarise,.0024209022521972656
tidy,.19204401969909668
sample,.0016071796417236328
summarise,.0024480819702148438
tidy,.18998503684997559
sample,.0015840530395507812
summarise,.0024938583374023438
tidy,.187546968460083
sample,.0015790462493896484
summarise,.0827028751373291
tidy,.19123005867004395
sample,.0016238689422607422
summarise,.002414226531982422
tidy,.1895439624786377
sample,.0015931129455566406
summarise,.0025870800018310547
tidy,.1891639232635498
sample,.0015828609466552734
summarise,.002435922622680664
tidy,.2733330726623535
sample,.0016269683837890625
summarise,.0024309158325195312
tidy,.18961811065673828
sample,.0016460418701171875
summarise,.0025250911712646484
tidy,.19105100631713867
sample,.0015947818756103516
summarise,.002438068389892578
tidy,.27298498153686523
sample,.0016100406646728516
summarise,.00243377685546875
tidy,.18845796585083008
sample,.0016231536865234375
summarise,.0025420188903808594
tidy,.1890869140625
sample,.001600027084350586
summarise,.0024280548095703125
tidy,.2740030288696289
sample,.0015821456909179688
summarise,.002559185028076172
tidy,.1897580623626709
sample,.0015971660614013672
summarise,.002527952194213867
tidy,.19038605690002441
sample,.0015909671783447266
summarise,.002454042434692383
tidy,.1909480094909668
sample,.0016140937805175781
summarise,.08313202857971191
tidy,.18790102005004883
sample,.0016331672668457031
summarise,.0024690628051757812
tidy,.19012999534606934
sample,.0016140937805175781
summarise,.002583026885986328
tidy,.19164109230041504
sample,.0016019344329833984
summarise,.0024268627166748047
tidy,.27071189880371094
sample,.0016131401062011719
summarise,.0025360584259033203
tidy,.1888442039489746
sample,.001627206802368164
summarise,.0024459362030029297
tidy,.1901710033416748
sample,.0015959739685058594
summarise,.0024199485778808594
tidy,.2699398994445801
sample,.0015971660614013672
summarise,.0024368762969970703
tidy,.19246196746826172
sample,.0016090869903564453
summarise,.0024170875549316406
tidy,.18973302841186523
sample,.001592874526977539
summarise,.002421855926513672
tidy,.27158188819885254
sample,.0016710758209228516
summarise,.0024580955505371094
tidy,.1891319751739502
sample,.0016188621520996094
summarise,.0024302005767822266
tidy,.18991303443908691
sample,.001605987548828125
summarise,.0025169849395751953
tidy,.1936790943145752
sample,.0016331672668457031
summarise,.08344507217407227
tidy,.1894378662109375
sample,.0016520023345947266
summarise,.002421855926513672
tidy,.19392681121826172
sample,.0015950202941894531
summarise,.002596139907836914
tidy,.18867111206054688
sample,.0016031265258789062
summarise,.0024449825286865234
tidy,.27726006507873535
sample,.001628875732421875
summarise,.0025119781494140625
tidy,.19466209411621094
sample,.0016758441925048828
summarise,.002540111541748047
tidy,.19158005714416504
sample,.0016169548034667969
summarise,.0024361610412597656
tidy,.2703080177307129
sample,.0015921592712402344
summarise,.0024471282958984375
tidy,.19016003608703613
sample,.0015850067138671875
summarise,.0024352073669433594
tidy,.20138192176818848
sample,.00152587890625
summarise,.0023751258850097656
tidy,.2701399326324463
sample,.0016908645629882812
summarise,.0024449825286865234
tidy,.19251489639282227
sample,.0016109943389892578
summarise,.0024721622467041016
tidy,.18903112411499023
sample,.0015959739685058594
summarise,.002434968948364258
tidy,.19632911682128906
sample,.0016269683837890625
summarise,.08284401893615723
tidy,.19254302978515625
sample,.0016379356384277344
summarise,.0024619102478027344
tidy,.18760299682617188
sample,.0016129016876220703
summarise,.0026040077209472656
tidy,.18965506553649902
sample,.0015888214111328125
summarise,.0024390220642089844
tidy,.27065300941467285
sample,.001600027084350586
summarise,.0024309158325195312
tidy,.18969392776489258
sample,.0016200542449951172
summarise,.00249481201171875
tidy,.18946218490600586
sample,.0015900135040283203
summarise,.0024139881134033203
tidy,.27061986923217773
sample,.0016028881072998047
summarise,.002460002899169922
tidy,.18946290016174316
sample,.0015969276428222656
summarise,.0024261474609375
tidy,.19101500511169434
sample,.0016498565673828125
summarise,.0024280548095703125
tidy,.27089905738830566
sample,.0016040802001953125
summarise,.002515077590942383
tidy,.18886590003967285
sample,.001605987548828125
summarise,.002452850341796875
tidy,.18944692611694336
sample,.0015969276428222656
summarise,.002502918243408203
tidy,.188615083694458
sample,.0016100406646728516
summarise,.08315491676330566
tidy,.18839502334594727
sample,.0015938282012939453
summarise,.0024640560150146484
tidy,.1919090747833252
sample,.0016241073608398438
summarise,.00257110595703125
tidy,.19115686416625977
sample,.0016410350799560547
summarise,.0024111270904541016
tidy,.27114009857177734
sample,.0016138553619384766
summarise,.0024099349975585938
tidy,.19142889976501465
sample,.0016350746154785156
summarise,.0025119781494140625
tidy,.1894071102142334
sample,.0016050338745117188
summarise,.0024340152740478516
tidy,.2710261344909668
sample,.0015909671783447266
summarise,.002424001693725586
tidy,.18849396705627441
sample,.001667022705078125
summarise,.0024499893188476562
tidy,.19021320343017578
sample,.0016231536865234375
summarise,.0031211376190185547
tidy,.2714879512786865
sample,.0015680789947509766
summarise,.0024580955505371094
tidy,.19018912315368652
sample,.0016279220581054688
summarise,.0024399757385253906
tidy,.18853306770324707
sample,.001622915267944336
summarise,.002519845962524414
tidy,.1944718360900879
sample,.0016138553619384766
summarise,.08515691757202148
tidy,.18977999687194824
sample,.001650094985961914
summarise,.0024230480194091797
tidy,.18831491470336914
sample,.0016210079193115234
summarise,.0027201175689697266
tidy,.1917891502380371
sample,.0016021728515625
summarise,.002451181411743164
tidy,.27088117599487305
sample,.0016789436340332031
summarise,.002537965774536133
tidy,.1905810832977295
sample,.0016360282897949219
summarise,.0025670528411865234
tidy,.18930792808532715
sample,.0016071796417236328
summarise,.0024149417877197266
tidy,.27143216133117676
sample,.0015921592712402344
summarise,.00244903564453125
tidy,.18997693061828613
sample,.0016169548034667969
summarise,.002405881881713867
tidy,.18766498565673828
sample,.0016460418701171875
summarise,.0024259090423583984
tidy,.2739119529724121
sample,.001645803451538086
summarise,.0025129318237304688
tidy,.19590306282043457
sample,.0016591548919677734
summarise,.0025081634521484375
tidy,.1926119327545166
sample,.0015881061553955078
summarise,.002429962158203125
tidy,.2709779739379883
sample,.0015709400177001953
summarise,.002434968948364258
tidy,.19022607803344727
sample,.0016109943389892578
summarise,.002515077590942383
tidy,.18987584114074707
sample,.0016410350799560547
summarise,.002422809600830078
tidy,.18929314613342285
sample,.00162506103515625
summarise,.08272290229797363
tidy,.1879889965057373
sample,.001592874526977539
summarise,.0024411678314208984
tidy,.18941116333007812
sample,.0017268657684326172
summarise,.0025298595428466797
tidy,.19469094276428223
sample,.001589059829711914
summarise,.002463102340698242
tidy,.269989013671875
sample,.0015938282012939453
summarise,.0024220943450927734
tidy,.19112110137939453
sample,.0016019344329833984
summarise,.0024330615997314453
tidy,.1886279582977295
sample,.0016100406646728516
summarise,.0024421215057373047
tidy,.2699449062347412
sample,.0015888214111328125
summarise,.0024220943450927734
tidy,.19580984115600586
sample,.0017230510711669922
summarise,.002579927444458008
tidy,.19070196151733398
sample,.001611948013305664
summarise,.0024569034576416016
tidy,.2724039554595947
sample,.001580953598022461
summarise,.002444028854370117
tidy,.19024395942687988
sample,.001653909683227539
summarise,.0024700164794921875
tidy,.19112896919250488
sample,.0016200542449951172
summarise,.002424001693725586
tidy,.18822288513183594
sample,.001583099365234375
summarise,.08282113075256348
tidy,.19289898872375488
sample,.0016438961029052734
summarise,.0025370121002197266
tidy,.19312119483947754
sample,.0016090869903564453
summarise,.0025610923767089844
tidy,.1887497901916504
sample,.0015840530395507812
summarise,.08240008354187012
tidy,.18954110145568848
sample,.0016329288482666016
summarise,.002463102340698242
tidy,.18836522102355957
sample,.0016269683837890625
summarise,.0025169849395751953
tidy,.19050884246826172
sample,.0015878677368164062
summarise,.002518177032470703
tidy,.27368688583374023
sample,.0016050338745117188
summarise,.002435922622680664
tidy,.18916702270507812
sample,.0016078948974609375
summarise,.0024461746215820312
tidy,.18761897087097168
sample,.0016069412231445312
summarise,.0024309158325195312
tidy,.27757906913757324
sample,.0016918182373046875
summarise,.0025708675384521484
tidy,.1911787986755371
sample,.00162506103515625
summarise,.0024251937866210938
tidy,.19279694557189941
sample,.0015850067138671875
summarise,.002454996109008789
tidy,.2720680236816406
sample,.0015790462493896484
summarise,.0024340152740478516
tidy,.1923990249633789
sample,.0016050338745117188
summarise,.002501964569091797
tidy,.1882939338684082
sample,.0015900135040283203
summarise,.0024449825286865234
tidy,.19148588180541992
sample,.0015871524810791016
summarise,.002607107162475586
tidy,.1935749053955078
sample,.0016469955444335938
summarise,.0024230480194091797
tidy,.19151592254638672
sample,.0016438961029052734
summarise,.0026788711547851562
tidy,.2031419277191162
sample,.0016179084777832031
summarise,.08487796783447266
tidy,.19126296043395996
sample,.001589059829711914
summarise,.0024268627166748047
tidy,.18796491622924805
sample,.0015940666198730469
summarise,.0024330615997314453
tidy,.1920008659362793
sample,.001580953598022461
summarise,.002471923828125
tidy,.2702000141143799
sample,.001722097396850586
summarise,.0026040077209472656
tidy,.19568610191345215
sample,.0016338825225830078
summarise,.0025091171264648438
tidy,.19309306144714355
