"","x","y"
"1",90.99,123.47
"2",97.85,143.33
"3",84.98,148.51
"4",72.96,149.38
"5",111.59,154.56
"6",79.83,143.33
"7",121.03,180.46
"8",86.7,173.55
"9",91.85,148.51
"10",88.41,161.47
"11",98.71,139.88
"12",111.59,150.24
"13",72.96,154.56
"14",92.7,126.06
"15",156.22,127.79
"16",90.99,136.43
"17",106.44,125.2
"18",157.08,144.2
"19",84.98,123.47
"20",73.82,164.92
"21",72.1,155.42
"22",93.56,143.33
"23",60.09,156.29
"24",55.79,141.61
"25",97.85,144.2
"26",132.19,156.29
"27",52.36,164.92
"28",163.95,158.88
"29",84.98,160.6
"30",84.12,153.69
"31",161.37,125.2
"32",84.12,131.24
"33",138.2,162.33
"34",127.9,142.47
"35",109.87,146.79
"36",80.69,158.88
"37",103,103.61
"38",82.4,140.74
"39",90.13,143.33
"40",127.04,158.01
"41",134.76,139.88
"42",65.24,137.29
"43",84.12,149.38
"44",132.19,142.47
"45",118.45,165.78
"46",116.74,170.96
"47",108.15,156.29
"48",93.56,135.56
"49",82.4,125.2
"50",97,132.11
"51",93.56,130.38
"52",80.69,147.65
"53",161.37,151.1
"54",73.82,151.97
"55",153.65,129.52
"56",66.09,153.69
"57",90.99,145.06
"58",77.25,139.02
"59",93.56,141.61
"60",63.52,117.43
"61",67.81,133.84
"62",109.87,139.88
"63",74.68,141.61
"64",65.24,150.24
"65",109.87,165.78
"66",71.24,141.61
"67",135.62,131.24
"68",71.24,165.78
"69",93.56,118.29
"70",124.46,118.29
"71",75.54,174.42
"72",62.66,137.29
"73",102.15,103.61
"74",69.53,142.47
"75",108.15,104.48
"76",115.88,110.52
"77",126.18,144.2
"78",95.28,149.38
"79",118.45,145.06
"80",121.89,151.1
"81",88.41,126.93
"82",98.71,177.01
"83",51.5,142.47
"84",88.41,147.65
"85",53.22,170.1
"86",62.66,132.97
"87",54.08,166.65
"88",26.61,194.28
"89",78.97,153.69
"90",62.66,165.78
"91",54.94,155.42
"92",126.18,164.06
"93",107.3,142.47
"94",72.1,146.79
"95",93.56,114.84
"96",84.98,120.02
"97",102.15,108.8
"98",70.39,153.69
"99",84.98,126.06
"100",95.28,146.79
"101",57.51,164.06
"102",109.01,184.78
"103",113.3,131.24
"104",40.34,184.78
"105",111.59,147.65
"106",126.18,134.7
"107",122.75,154.56
"108",98.71,126.93
"109",77.25,129.52
"110",142.49,139.88
"111",126.18,140.74
"112",63.52,127.79
"113",82.4,123.47
"114",72.1,144.2
"115",54.08,143.33
"116",91.85,137.29
"117",67.81,153.69
"118",57.51,181.33
"119",77.25,158.88
"120",64.38,169.24
"121",59.23,164.06
"122",87.55,141.61
"123",103.86,107.07
"124",85.84,136.43
"125",69.53,133.84
"126",135.62,109.66
"127",66.09,115.7
"128",68.67,141.61
"129",89.27,151.1
"130",85.84,153.69
"131",99.57,127.79
"132",67.81,143.33
"133",89.27,145.06
"134",94.42,185.64
"135",93.56,160.6
"136",115.88,157.15
"137",64.38,171.83
"138",68.67,132.11
"139",83.26,153.69
"140",89.27,155.42
"141",85.84,157.15
"142",129.61,132.11
"143",66.95,170.96
"144",56.65,167.51
"145",120.17,145.92
"146",121.03,151.1
"147",67.81,149.38
"148",137.34,177.01
"149",107.3,145.92
"150",90.13,116.57
"151",59.23,144.2
"152",77.25,151.1
"153",72.96,145.92
"154",57.51,132.97
"155",60.09,125.2
"156",143.35,135.56
"157",61.8,157.15
"158",139.06,145.92
"159",92.7,126.93
"160",87.55,164.06
"161",82.4,131.24
"162",85.84,124.34
"163",117.6,174.42
"164",81.55,126.06
"165",69.53,158.01
"166",116.74,145.06
"167",81.55,150.24
"168",116.74,150.24
"169",104.72,137.29
"170",97,128.65
"171",74.68,139.02
"172",60.94,158.88
"173",151.93,124.34
"174",157.94,170.1
"175",88.41,128.65
"176",89.27,123.47
"177",59.23,169.24
"178",90.99,134.7
"179",87.55,169.24
"180",106.44,144.2
"181",87.55,151.97
"182",69.53,150.24
"183",89.27,148.51
"184",76.39,186.51
"185",109.87,152.83
"186",119.31,141.61
"187",87.55,154.56
"188",88.41,153.69
"189",90.13,153.69
"190",69.53,143.33
"191",63.52,156.29
"192",84.98,122.61
"193",31.76,170.96
"194",74.68,116.57
"195",72.1,178.73
"196",78.11,115.7
"197",131.33,139.02
"198",106.44,142.47
"199",86.7,141.61
"200",127.9,145.92
"201",121.89,144.2
"202",131.33,115.7
"203",82.4,130.38
"204",141.63,145.92
"205",128.76,140.74
"206",162.23,154.56
"207",76.39,155.42
"208",137.34,162.33
"209",103,139.88
"210",110.73,141.61
"211",90.13,145.06
"212",143.35,158.88
"213",91.85,122.61
"214",51.5,152.83
"215",101.29,139.88
"216",124.46,140.74
"217",65.24,147.65
"218",106.44,142.47
"219",76.39,132.97
"220",97,113.11
"221",73.82,125.2
"222",134.76,134.7
"223",93.56,140.74
"224",90.99,82.89
"225",133.91,150.24
"226",139.06,143.33
"227",99.57,134.7
"228",116.74,148.51
"229",83.26,152.83
"230",62.66,139.02
"231",97.85,179.6
"232",71.24,139.88
"233",154.51,145.92
"234",152.79,139.02
"235",121.03,145.92
"236",69.53,173.55
"237",74.68,149.38
"238",109.87,174.42
"239",109.87,164.92
"240",29.18,189.96
"241",141.63,165.78
"242",68.67,157.15
"243",129.61,146.79
"244",64.38,157.15
"245",109.01,151.1
"246",73.82,158.01
"247",62.66,174.42
"248",78.11,126.93
"249",136.48,139.02
"250",84.12,110.52
"251",72.96,124.34
"252",86.7,129.52
"253",132.19,175.28
"254",70.39,147.65
"255",91.85,146.79
"256",133.91,150.24
"257",85.84,122.61
"258",146.78,119.16
"259",134.76,139.88
"260",113.3,151.97
"261",103.86,148.51
"262",90.13,142.47
"263",89.27,135.56
"264",84.98,126.06
"265",135.62,155.42
"266",119.31,147.65
"267",84.12,88.94
"268",92.7,135.56
"269",97.85,143.33
"270",69.53,154.56
"271",160.52,147.65
"272",44.64,156.29
"273",108.15,173.55
"274",118.45,151.97
"275",127.04,146.79
"276",133.91,145.92
"277",115.88,144.2
"278",78.97,129.52
"279",125.32,139.88
"280",117.6,189.1
"281",89.27,142.47
"282",97.85,127.79
"283",76.39,143.33
"284",137.34,130.38
"285",115.02,112.25
"286",70.39,107.93
"287",121.03,133.84
"288",109.87,131.24
"289",66.09,145.92
"290",70.39,127.79
"291",137.34,143.33
"292",70.39,117.43
"293",81.55,128.65
"294",63.52,141.61
"295",80.69,135.56
"296",90.99,139.88
"297",144.21,134.7
"298",104.72,161.47
"299",77.25,146.79
"300",111.59,158.01
"301",54.08,145.92
"302",66.95,158.01
"303",63.52,153.69
"304",84.98,143.33
"305",109.87,126.06
"306",114.16,164.92
"307",99.57,162.33
"308",106.44,138.15
"309",94.42,108.8
"310",62.66,169.24
"311",69.53,140.74
"312",71.24,165.78
"313",89.27,138.15
"314",70.39,157.15
"315",54.08,156.29
"316",110.73,151.97
"317",93.56,134.7
"318",67.81,134.7
"319",78.97,140.74
"320",89.27,147.65
"321",113.3,144.2
"322",86.7,141.61
"323",112.45,132.11
"324",86.7,131.24
"325",79.83,145.92
"326",108.15,138.15
"327",158.8,149.38
"328",134.76,156.29
"329",71.24,156.29
"330",138.2,150.24
"331",88.41,132.11
"332",69.53,151.97
"333",86.7,145.06
"334",68.67,138.15
"335",115.02,91.53
"336",99.57,142.47
"337",107.3,106.2
"338",94.42,139.02
"339",54.08,134.7
"340",70.39,93.25
"341",79.83,104.48
"342",85.84,133.84
"343",68.67,132.97
"344",82.4,140.74
"345",70.39,158.88
"346",149.36,126.06
"347",72.96,135.56
"348",124.46,129.52
"349",130.47,147.65
"350",101.29,151.1
"351",134.76,155.42
"352",86.7,158.01
"353",86.7,147.65
"354",78.97,138.15
"355",100.43,143.33
"356",60.94,170.1
"357",60.09,143.33
"358",99.57,140.74
"359",89.27,118.29
"360",116.74,141.61
"361",100.43,148.51
"362",108.15,127.79
"363",55.79,155.42
"364",117.6,165.78
"365",109.87,144.2
"366",107.3,141.61
"367",60.94,164.06
"368",96.14,126.06
"369",82.4,121.75
"370",83.26,99.3
"371",73.82,94.98
"372",86.7,144.2
"373",102.15,126.06
"374",82.4,149.38
"375",103.86,142.47
"376",133.05,151.1
"377",97,147.65
"378",79.83,142.47
"379",67.81,152.83
"380",90.99,148.51
"381",72.1,152.83
"382",104.72,119.16
"383",92.7,145.06
"384",81.55,129.52
"385",67.81,138.15
"386",130.47,160.6
"387",163.09,156.29
"388",62.66,166.65
"389",142.49,149.38
"390",75.54,138.15
"391",55.79,162.33
"392",58.37,144.2
"393",66.09,125.2
"394",169.1,141.61
"395",96.14,127.79
"396",70.39,142.47
"397",110.73,164.06
"398",88.41,103.61
"399",69.53,136.43
"400",113.3,157.15
"401",136.48,132.11
"402",101.29,164.92
"403",133.91,152.83
"404",98.71,136.43
"405",18.88,140.74
"406",142.49,142.47
"407",63.52,136.43
"408",76.39,133.84
"409",68.67,159.74
"410",50.64,129.52
"411",154.51,132.97
"412",125.32,152.83
"413",96.14,111.39
"414",87.55,144.2
"415",90.13,148.51
"416",116.74,110.52
"417",62.66,152.83
"418",111.59,119.16
"419",57.51,132.11
"420",66.09,147.65
"421",80.69,111.39
"422",92.7,159.74
"423",82.4,157.15
"424",56.65,166.65
"425",145.06,171.83
"426",66.95,164.06
"427",105.58,137.29
"428",112.45,125.2
"429",112.45,81.16
"430",59.23,143.33
"431",55.79,169.24
"432",101.29,107.07
"433",103.86,133.84
"434",63.52,177.87
"435",108.15,183.92
"436",101.29,128.65
"437",114.16,125.2
"438",87.55,139.02
"439",80.69,168.37
"440",132.19,149.38
"441",119.31,149.38
"442",61.8,132.11
"443",74.68,133.84
"444",87.55,138.15
"445",125.32,151.1
"446",100.43,130.38
"447",108.15,120.02
"448",136.48,156.29
"449",48.93,161.47
"450",77.25,149.38
"451",90.13,155.42
"452",84.98,144.2
"453",118.45,172.69
"454",109.01,170.96
"455",133.05,178.73
"456",94.42,151.1
"457",104.72,159.74
"458",153.65,137.29
"459",115.88,158.88
"460",55.79,151.1
"461",60.94,148.51
"462",97,142.47
"463",78.11,143.33
"464",121.89,171.83
"465",72.1,157.15
"466",90.99,145.06
"467",54.94,149.38
"468",87.55,151.97
"469",76.39,176.14
"470",60.94,168.37
"471",86.7,137.29
"472",60.94,172.69
"473",84.12,158.01
"474",94.42,150.24
"475",124.46,150.24
"476",78.11,157.15
"477",60.94,137.29
"478",78.97,170.96
"479",53.22,169.24
"480",79.83,167.51
"481",138.2,158.88
"482",77.25,153.69
"483",64.38,182.19
"484",60.09,165.78
"485",90.13,151.1
"486",73.82,135.56
"487",139.91,136.43
"488",165.67,151.1
"489",139.91,154.56
"490",100.43,136.43
"491",163.95,158.88
"492",133.91,145.92
"493",106.44,138.15
"494",136.48,148.51
"495",122.75,125.2
"496",117.6,156.29
"497",126.18,140.74
"498",121.03,155.42
"499",90.13,91.53
"500",49.79,126.06
"501",151.93,156.29
"502",135.62,130.38
"503",86.7,131.24
"504",109.87,122.61
"505",69.53,158.01
"506",152.79,119.16
"507",119.31,148.51
"508",102.15,133.84
"509",128.76,135.56
"510",128.76,147.65
"511",67.81,141.61
"512",142.49,153.69
"513",61.8,120.02
"514",80.69,165.78
"515",107.3,145.06
"516",128.76,144.2
"517",126.18,143.33
"518",130.47,170.1
"519",116.74,139.88
"520",64.38,114.84
"521",98.71,98.43
"522",75.54,157.15
"523",84.98,151.1
"524",67.81,150.24
"525",88.41,142.47
"526",60.09,154.56
"527",72.96,126.93
"528",89.27,164.06
"529",129.61,167.51
"530",105.58,114.84
"531",99.57,153.69
"532",80.69,146.79
"533",67.81,144.2
"534",102.15,112.25
"535",138.2,132.97
"536",84.12,121.75
"537",147.64,155.42
"538",86.7,124.34
"539",70.39,157.15
"540",89.27,158.01
"541",91.85,140.74
"542",97.85,141.61
"543",93.56,120.88
"544",68.67,142.47
"545",64.38,164.92
"546",73.82,129.52
"547",132.19,120.02
"548",95.28,143.33
"549",85.84,142.47
"550",54.94,128.65
"551",98.71,112.25
"552",78.11,137.29
"553",89.27,121.75
"554",109.01,123.47
"555",78.97,141.61
"556",72.1,141.61
"557",72.96,146.79
"558",90.13,128.65
"559",96.14,113.98
"560",104.72,132.11
"561",87.55,137.29
"562",91.85,147.65
"563",89.27,165.78
"564",133.05,173.55
"565",67.81,106.2
"566",133.05,113.11
"567",89.27,104.48
"568",91.85,113.98
"569",139.06,116.57
"570",80.69,131.24
"571",97.85,122.61
"572",47.21,126.93
"573",66.95,121.75
"574",99.57,146.79
"575",142.49,136.43
"576",115.02,117.43
"577",72.96,138.15
"578",137.34,151.97
"579",118.45,133.84
"580",81.55,139.88
"581",56.65,117.43
"582",97,132.97
"583",78.11,132.97
"584",40.34,159.74
"585",85.84,160.6
"586",61.8,122.61
"587",124.46,138.15
"588",63.52,171.83
"589",88.41,148.51
"590",143.35,157.15
"591",127.04,188.23
"592",131.33,156.29
"593",79.83,139.02
"594",75.54,153.69
"595",63.52,135.56
"596",90.99,154.56
"597",72.1,158.01
"598",139.06,169.24
"599",45.49,150.24
"600",76.39,133.84
"601",76.39,168.37
"602",63.52,129.52
"603",130.47,149.38
"604",72.1,131.24
"605",75.54,142.47
"606",126.18,151.1
"607",78.11,151.1
"608",71.24,115.7
"609",71.24,115.7
"610",71.24,115.7
"611",71.24,115.7
"612",72.1,115.7
"613",90.13,122.61
"614",101.29,140.74
"615",143.35,138.15
"616",80.69,132.11
"617",98.71,131.24
"618",102.15,119.16
"619",69.53,145.92
"620",72.96,145.06
"621",80.69,105.34
"622",85.84,143.33
"623",67.81,158.01
"624",60.94,167.51
"625",74.68,145.06
"626",91.85,138.15
"627",72.1,128.65
"628",65.24,139.02
"629",69.53,156.29
"630",52.36,157.15
"631",50.64,148.51
"632",131.33,136.43
"633",149.36,148.51
"634",129.61,132.97
"635",121.03,167.51
"636",115.88,139.02
"637",118.45,152.83
"638",82.4,166.65
"639",93.56,136.43
"640",137.34,157.15
"641",143.35,141.61
"642",145.06,141.61
"643",113.3,166.65
"644",101.29,126.06
"645",99.57,149.38
"646",76.39,159.74
"647",73.82,149.38
"648",98.71,152.83
"649",138.2,158.88
"650",78.97,128.65
"651",66.95,164.92
"652",95.28,146.79
"653",45.49,165.78
"654",72.96,148.51
"655",72.1,158.01
"656",98.71,142.47
"657",165.67,146.79
"658",81.55,141.61
"659",92.7,105.34
"660",135.62,170.96
"661",44.64,145.06
"662",119.31,154.56
"663",59.23,136.43
"664",104.72,139.88
"665",124.46,150.24
"666",116.74,166.65
"667",129.61,151.97
"668",71.24,135.56
"669",143.35,132.11
"670",145.06,120.88
"671",55.79,125.2
"672",130.47,147.65
"673",115.02,155.42
"674",52.36,143.33
"675",83.26,114.84
"676",117.6,157.15
"677",73.82,132.11
"678",99.57,142.47
"679",133.91,161.47
"680",49.79,129.52
"681",53.22,165.78
"682",69.53,154.56
"683",131.33,135.56
"684",57.51,144.2
"685",110.73,145.06
"686",64.38,131.24
"687",146.78,133.84
"688",93.56,145.06
"689",118.45,140.74
"690",122.75,174.42
"691",48.93,147.65
"692",84.98,149.38
"693",77.25,130.38
"694",72.1,136.43
"695",120.17,159.74
"696",48.07,117.43
"697",120.17,161.47
"698",44.64,144.2
"699",72.1,161.47
"700",70.39,105.34
"701",139.06,134.7
"702",67.81,147.65
"703",144.21,135.56
"704",76.39,164.06
"705",64.38,150.24
"706",58.37,165.78
"707",61.8,143.33
"708",17.17,147.65
"709",40.34,120.02
"710",117.6,160.6
"711",115.88,151.97
"712",107.3,161.47
"713",121.03,165.78
"714",121.03,152.83
"715",71.24,113.11
"716",157.08,157.15
"717",69.53,124.34
"718",84.98,153.69
"719",120.17,128.65
"720",109.01,144.2
"721",65.24,128.65
"722",72.96,141.61
"723",54.08,146.79
"724",151.07,152.83
"725",81.55,129.52
"726",24.89,178.73
"727",153.65,165.78
"728",80.69,143.33
"729",156.22,144.2
"730",136.48,149.38
"731",68.67,145.92
"732",128.76,157.15
"733",60.09,165.78
"734",121.89,157.15
"735",85.84,127.79
"736",124.46,150.24
"737",147.64,129.52
"738",138.2,145.92
"739",140.77,149.38
"740",62.66,153.69
"741",49.79,158.88
"742",173.39,130.38
"743",52.36,151.97
"744",74.68,158.88
"745",90.99,130.38
"746",96.14,136.43
"747",60.09,145.92
"748",126.18,171.83
"749",107.3,141.61
"750",68.67,132.11
"751",118.45,146.79
"752",67.81,150.24
"753",133.05,148.51
"754",85.84,151.97
"755",115.02,143.33
"756",144.21,158.88
"757",131.33,145.92
"758",84.12,77.71
"759",111.59,181.33
"760",65.24,126.93
"761",137.34,125.2
"762",97.85,158.01
"763",57.51,145.92
"764",148.5,159.74
"765",128.76,123.47
"766",118.45,137.29
"767",98.71,95.84
"768",103.86,173.55
"769",115.88,150.24
"770",114.16,161.47
"771",102.15,121.75
"772",66.95,138.15
"773",88.41,94.98
"774",121.03,162.33
"775",71.24,139.02
"776",114.16,183.92
"777",115.88,159.74
"778",60.94,128.65
"779",85.84,159.74
"780",131.33,164.92
"781",178.54,123.47
"782",79.83,132.11
"783",136.48,186.51
"784",88.41,137.29
"785",126.18,133.84
"786",134.76,153.69
"787",84.98,139.02
"788",100.43,124.34
"789",63.52,136.43
"790",84.98,136.43
"791",135.62,163.19
"792",74.68,141.61
"793",72.1,132.97
"794",97.85,177.87
"795",146.78,119.16
"796",98.71,123.47
"797",93.56,126.93
"798",127.04,134.7
"799",62.66,158.01
"800",78.97,136.43
"801",107.3,129.52
"802",40.34,162.33
"803",78.11,163.19
"804",35.19,170.1
"805",58.37,141.61
"806",81.55,138.15
"807",151.07,153.69
"808",72.1,149.38
"809",76.39,116.57
"810",88.41,155.42
"811",135.62,132.97
"812",113.3,148.51
"813",116.74,134.7
"814",66.95,135.56
"815",97.85,116.57
"816",112.45,94.12
"817",88.41,125.2
"818",49.79,155.42
"819",84.98,160.6
"820",78.11,129.52
"821",72.1,172.69
"822",66.95,145.06
"823",86.7,148.51
"824",132.19,169.24
"825",79.83,156.29
"826",86.7,145.06
"827",140.77,158.88
"828",94.42,139.02
"829",95.28,178.73
"830",121.03,139.02
"831",111.59,151.97
"832",118.45,141.61
"833",170.82,124.34
"834",121.89,158.88
"835",58.37,149.38
"836",43.78,160.6
"837",90.13,152.83
"838",84.12,148.51
"839",106.44,155.42
"840",63.52,145.06
"841",60.94,151.1
"842",115.02,146.79
"843",109.01,116.57
"844",115.88,164.92
"845",71.24,142.47
"846",60.94,123.47
"847",151.07,137.29
"848",72.96,137.29
"849",143.35,130.38
"850",66.95,151.1
"851",53.22,145.06
"852",77.25,142.47
"853",146.78,151.97
"854",88.41,123.47
"855",37.77,134.7
"856",93.56,126.93
"857",84.98,136.43
"858",122.75,146.79
"859",132.19,142.47
"860",73.82,145.06
"861",32.62,139.02
"862",156.22,176.14
"863",131.33,146.79
"864",138.2,125.2
"865",120.17,103.61
"866",60.09,181.33
"867",116.74,135.56
"868",104.72,132.97
"869",78.97,146.79
"870",68.67,155.42
"871",82.4,154.56
"872",133.91,151.97
"873",155.36,134.7
"874",85.84,146.79
"875",63.52,143.33
"876",89.27,131.24
"877",126.18,161.47
"878",119.31,138.15
"879",71.24,145.06
"880",124.46,159.74
"881",106.44,145.06
"882",127.9,149.38
"883",132.19,151.97
"884",51.5,162.33
"885",156.22,150.24
"886",122.75,151.1
"887",88.41,143.33
"888",72.96,121.75
"889",84.98,119.16
"890",99.57,176.14
"891",109.87,148.51
"892",124.46,158.88
"893",122.75,177.87
"894",115.88,133.84
"895",98.71,145.92
"896",122.75,143.33
"897",81.55,117.43
"898",123.61,132.97
"899",68.67,139.88
"900",66.95,171.83
"901",78.97,143.33
"902",150.21,134.7
"903",78.97,113.98
"904",139.06,134.7
"905",135.62,126.06
"906",131.33,147.65
"907",72.1,150.24
"908",130.47,115.7
"909",103,144.2
"910",96.14,113.11
"911",156.22,118.29
"912",138.2,137.29
"913",75.54,114.84
"914",83.26,151.1
"915",92.7,124.34
"916",64.38,155.42
"917",83.26,131.24
"918",88.41,136.43
"919",103,91.53
"920",75.54,123.47
"921",118.45,108.8
"922",77.25,127.79
"923",113.3,154.56
"924",95.28,112.25
"925",43.78,166.65
"926",80.69,130.38
"927",105.58,114.84
"928",72.1,125.2
"929",104.72,134.7
"930",73.82,123.47
"931",107.3,126.06
"932",88.41,120.88
"933",83.26,117.43
"934",112.45,98.43
"935",69.53,156.29
"936",47.21,156.29
"937",69.53,128.65
"938",78.11,104.48
"939",108.15,142.47
"940",49.79,140.74
"941",72.96,128.65
"942",80.69,127.79
"943",59.23,95.84
"944",74.68,125.2
"945",72.1,121.75
"946",75.54,108.8
"947",102.15,149.38
"948",97.85,151.97
"949",145.92,149.38
"950",78.97,158.01
"951",143.35,152.83
"952",151.93,116.57
"953",72.1,152.83
"954",95.28,109.66
"955",114.16,126.93
"956",109.01,124.34
"957",97,128.65
"958",61.8,126.06
"959",66.95,142.47
"960",76.39,132.11
"961",101.29,132.11
"962",125.32,137.29
"963",76.39,142.47
"964",133.05,144.2
"965",79.83,104.48
"966",82.4,139.02
"967",70.39,143.33
"968",107.3,133.84
"969",71.24,147.65
"970",149.36,142.47
"971",97.85,120.02
"972",92.7,124.34
"973",103,145.92
"974",64.38,136.43
"975",102.15,123.47
"976",77.25,133.84
"977",132.19,116.57
"978",137.34,131.24
"979",75.54,135.56
"980",85.84,135.56
"981",94.42,116.57
"982",99.57,139.88
"983",100.43,132.97
"984",75.54,143.33
"985",32.62,141.61
"986",82.4,141.61
"987",42.06,140.74
"988",103,137.29
"989",81.55,172.69
"990",81.55,145.06
"991",108.15,118.29
"992",108.15,146.79
"993",123.61,86.35
"994",111.59,113.98
"995",61.8,107.07
"996",115.02,118.29
"997",42.92,149.38
"998",74.68,141.61
"999",72.96,132.11
"1000",81.55,134.7
"1001",54.08,107.07
"1002",81.55,140.74
"1003",71.24,164.06
"1004",95.28,148.51
"1005",57.51,177.01
"1006",120.17,126.06
"1007",57.51,158.88
"1008",66.95,137.29
"1009",91.85,134.7
"1010",66.95,128.65
"1011",100.43,136.43
"1012",50.64,125.2
"1013",54.94,173.55
"1014",98.71,114.84
"1015",72.1,178.73
"1016",98.71,136.43
"1017",121.89,151.97
"1018",86.7,139.88
"1019",117.6,133.84
"1020",156.22,173.55
"1021",94.42,146.79
"1022",41.2,164.92
"1023",119.31,142.47
"1024",58.37,166.65
"1025",66.95,171.83
"1026",70.39,146.79
"1027",116.74,129.52
"1028",89.27,149.38
"1029",97,154.56
"1030",167.38,134.7
"1031",72.1,132.97
"1032",43.78,134.7
"1033",72.96,124.34
"1034",121.03,139.88
"1035",93.56,142.47
"1036",114.16,153.69
"1037",155.36,142.47
"1038",76.39,135.56
"1039",138.2,156.29
"1040",109.87,116.57
"1041",152.79,148.51
"1042",127.9,129.52
"1043",72.96,149.38
"1044",137.34,133.84
"1045",72.1,141.61
"1046",78.97,126.93
"1047",72.96,143.33
"1048",90.99,117.43
"1049",144.21,118.29
"1050",98.71,159.74
"1051",121.89,146.79
"1052",76.39,162.33
"1053",85.84,132.11
"1054",122.75,134.7
"1055",94.42,122.61
"1056",84.12,126.93
"1057",133.91,167.51
"1058",130.47,151.1
"1059",91.85,127.79
"1060",84.12,170.1
"1061",100.43,144.2
"1062",132.19,156.29
"1063",107.3,126.93
"1064",94.42,146.79
"1065",98.71,172.69
"1066",86.7,148.51
"1067",46.35,181.33
"1068",102.15,146.79
"1069",20.6,207.23
"1070",78.97,154.56
"1071",112.45,160.6
"1072",84.98,126.93
"1073",97.85,130.38
"1074",146.78,155.42
"1075",66.09,138.15
"1076",90.99,141.61
"1077",112.45,128.65
"1078",121.03,136.43
"1079",99.57,95.84
"1080",54.94,139.02
"1081",184.55,151.1
"1082",113.3,135.56
"1083",117.6,149.38
"1084",88.41,133.84
"1085",139.06,164.92
"1086",74.68,151.1
"1087",78.97,104.48
"1088",118.45,158.88
"1089",74.68,143.33
"1090",103,138.15
"1091",98.71,121.75
"1092",91.85,121.75
"1093",167.38,120.02
"1094",170.82,128.65
"1095",127.04,107.07
"1096",147.64,124.34
"1097",103,139.02
"1098",96.14,128.65
"1099",83.26,136.43
"1100",138.2,139.02
"1101",131.33,149.38
"1102",75.54,131.24
"1103",107.3,126.06
"1104",83.26,128.65
"1105",81.55,132.97
"1106",150.21,132.11
"1107",145.92,135.56
"1108",90.99,113.11
"1109",67.81,113.98
"1110",84.98,134.7
"1111",87.55,126.93
"1112",87.55,150.24
"1113",77.25,139.02
"1114",117.6,161.47
"1115",31.76,141.61
"1116",91.85,143.33
"1117",84.98,119.16
"1118",88.41,149.38
"1119",107.3,106.2
"1120",163.09,123.47
"1121",78.97,142.47
"1122",93.56,131.24
"1123",79.83,138.15
"1124",79.83,134.7
"1125",72.1,145.92
"1126",93.56,117.43
"1127",95.28,110.52
"1128",126.18,132.97
"1129",83.26,123.47
"1130",122.75,142.47
"1131",86.7,121.75
"1132",116.74,114.84
"1133",116.74,120.88
"1134",146.78,139.88
"1135",107.3,131.24
"1136",68.67,138.15
"1137",82.4,121.75
"1138",154.51,135.56
"1139",118.45,106.2
"1140",143.35,132.97
"1141",86.7,128.65
"1142",87.55,121.75
"1143",118.45,120.88
"1144",106.44,143.33
"1145",104.72,150.24
"1146",52.36,146.79
"1147",157.94,145.92
"1148",108.15,132.11
"1149",105.58,147.65
"1150",67.81,118.29
"1151",126.18,147.65
"1152",95.28,138.15
"1153",76.39,145.92
"1154",114.16,130.38
"1155",122.75,94.98
"1156",109.01,145.92
"1157",106.44,112.25
"1158",116.74,134.7
"1159",47.21,151.1
"1160",73.82,143.33
"1161",110.73,132.11
"1162",65.24,158.01
"1163",82.4,151.97
"1164",135.62,151.97
"1165",146.78,151.1
"1166",75.54,158.88
"1167",72.1,186.51
"1168",113.3,142.47
"1169",156.22,144.2
"1170",109.87,160.6
"1171",67.81,162.33
"1172",103.86,149.38
"1173",127.04,135.56
"1174",88.41,122.61
"1175",87.55,163.19
"1176",60.94,182.19
"1177",86.7,156.29
"1178",111.59,144.2
"1179",64.38,125.2
"1180",90.13,132.97
"1181",103,137.29
"1182",69.53,179.6
"1183",83.26,124.34
"1184",96.14,154.56
"1185",109.01,157.15
"1186",138.2,163.19
"1187",144.21,145.06
"1188",113.3,132.11
"1189",109.87,155.42
"1190",112.45,109.66
"1191",126.18,133.84
"1192",136.48,147.65
"1193",60.94,151.97
"1194",133.05,136.43
"1195",87.55,134.7
"1196",100.43,110.52
"1197",94.42,157.15
"1198",109.87,144.2
"1199",93.56,125.2
"1200",117.6,140.74
"1201",86.7,94.12
"1202",136.48,118.29
"1203",173.39,152.83
"1204",77.25,177.87
"1205",113.3,147.65
"1206",125.32,131.24
"1207",103.86,131.24
"1208",105.58,126.06
"1209",63.52,133.84
"1210",81.55,137.29
"1211",110.73,120.88
"1212",108.15,151.97
"1213",76.39,162.33
"1214",81.55,163.19
"1215",144.21,111.39
"1216",129.61,139.88
"1217",78.11,141.61
"1218",124.46,150.24
"1219",82.4,134.7
"1220",87.55,149.38
"1221",69.53,139.02
"1222",154.51,132.97
"1223",117.6,134.7
"1224",89.27,156.29
"1225",131.33,158.01
"1226",124.46,117.43
"1227",90.99,153.69
"1228",109.01,141.61
"1229",86.7,152.83
"1230",43.78,164.92
"1231",60.09,163.19
"1232",64.38,134.7
"1233",78.11,139.88
"1234",73.82,170.96
"1235",105.58,132.11
"1236",90.13,126.06
"1237",123.61,172.69
"1238",105.58,119.16
"1239",54.94,140.74
"1240",67.81,168.37
"1241",62.66,142.47
"1242",84.12,148.51
"1243",98.71,154.56
"1244",83.26,135.56
"1245",97.85,112.25
"1246",117.6,128.65
"1247",81.55,136.43
"1248",148.5,104.48
"1249",117.6,154.56
"1250",68.67,148.51
"1251",121.03,120.88
"1252",63.52,162.33
"1253",109.01,126.06
"1254",91.85,130.38
"1255",76.39,143.33
"1256",90.13,151.97
"1257",110.73,160.6
"1258",103,147.65
"1259",164.81,145.06
"1260",121.89,154.56
"1261",104.72,144.2
"1262",66.09,146.79
"1263",111.59,155.42
"1264",112.45,133.84
"1265",115.88,107.93
"1266",79.83,129.52
"1267",137.34,110.52
"1268",77.25,158.01
"1269",179.4,124.34
"1270",148.5,135.56
"1271",84.98,135.56
"1272",72.1,159.74
"1273",89.27,164.06
"1274",90.99,165.78
"1275",148.5,128.65
"1276",139.06,148.51
"1277",108.15,146.79
"1278",115.88,131.24
"1279",103,109.66
"1280",110.73,144.2
"1281",53.22,164.06
"1282",81.55,129.52
"1283",75.54,126.06
"1284",101.29,117.43
"1285",123.61,137.29
"1286",93.56,110.52
"1287",69.53,151.97
"1288",129.61,145.06
"1289",117.6,125.2
"1290",88.41,129.52
"1291",114.16,124.34
"1292",115.02,139.88
"1293",182.83,156.29
"1294",115.88,117.43
"1295",137.34,115.7
"1296",93.56,136.43
"1297",95.28,122.61
"1298",137.34,144.2
"1299",72.1,134.7
"1300",102.15,151.1
"1301",134.76,125.2
"1302",151.07,165.78
"1303",93.56,144.2
"1304",107.3,142.47
"1305",63.52,143.33
"1306",127.04,123.47
"1307",89.27,133.84
"1308",125.32,139.88
"1309",115.02,158.01
"1310",104.72,143.33
"1311",81.55,133.84
"1312",115.02,143.33
"1313",52.36,125.2
"1314",90.13,133.84
"1315",120.17,145.92
"1316",102.15,149.38
"1317",147.64,169.24
"1318",102.15,128.65
"1319",108.15,116.57
"1320",102.15,143.33
"1321",87.55,149.38
"1322",77.25,145.92
"1323",83.26,142.47
"1324",131.33,123.47
"1325",90.99,132.97
"1326",122.75,139.88
"1327",103,122.61
"1328",138.2,101.89
"1329",124.46,146.79
"1330",127.9,126.93
"1331",89.27,150.24
"1332",83.26,162.33
"1333",55.79,144.2
"1334",30.9,153.69
"1335",72.96,114.84
"1336",120.17,126.06
"1337",120.17,147.65
"1338",84.12,147.65
"1339",90.99,114.84
"1340",84.98,138.15
"1341",92.7,139.02
"1342",90.13,140.74
"1343",165.67,110.52
"1344",132.19,136.43
"1345",112.45,132.11
"1346",157.08,146.79
"1347",68.67,134.7
"1348",96.14,139.02
"1349",90.13,141.61
"1350",81.55,132.11
"1351",115.88,115.7
"1352",134.76,134.7
"1353",133.05,145.06
"1354",85.84,139.88
"1355",151.07,164.06
"1356",135.62,138.15
"1357",156.22,145.06
"1358",89.27,151.97
"1359",56.65,142.47
"1360",127.04,149.38
"1361",96.14,122.61
"1362",90.13,116.57
"1363",105.58,126.93
"1364",115.02,145.06
"1365",83.26,134.7
"1366",73.82,159.74
"1367",93.56,125.2
"1368",72.1,115.7
"1369",72.1,127.79
"1370",127.04,127.79
"1371",71.24,133.84
"1372",94.42,134.7
"1373",84.98,133.84
"1374",84.98,133.84
"1375",62.66,126.93
"1376",127.04,154.56
"1377",68.67,142.47
"1378",87.55,156.29
"1379",106.44,140.74
"1380",93.56,131.24
"1381",63.52,174.42
"1382",78.11,144.2
"1383",66.09,151.1
"1384",97,145.06
"1385",78.97,138.15
"1386",75.54,120.02
"1387",66.95,166.65
"1388",103,155.42
"1389",86.7,143.33
"1390",102.15,120.02
"1391",53.22,131.24
"1392",75.54,147.65
"1393",106.44,133.84
"1394",74.68,119.16
"1395",98.71,151.97
"1396",55.79,120.02
"1397",127.9,153.69
"1398",68.67,152.83
"1399",133.05,149.38
"1400",72.96,119.16
"1401",170.82,159.74
"1402",120.17,139.02
"1403",122.75,122.61
"1404",139.06,145.06
"1405",96.14,101.89
"1406",90.13,139.88
"1407",119.31,162.33
"1408",127.04,125.2
"1409",62.66,126.06
"1410",81.55,150.24
"1411",59.23,150.24
"1412",87.55,153.69
"1413",70.39,161.47
"1414",48.93,151.1
"1415",83.26,172.69
"1416",116.74,114.84
"1417",90.99,139.02
"1418",84.12,154.56
"1419",86.7,147.65
"1420",104.72,139.88
"1421",94.42,147.65
"1422",119.31,149.38
"1423",124.46,114.84
"1424",78.11,130.38
"1425",109.87,116.57
"1426",86.7,164.92
"1427",97,126.93
"1428",78.11,139.88
"1429",108.15,127.79
"1430",122.75,160.6
"1431",112.45,158.01
"1432",83.26,127.79
"1433",98.71,112.25
"1434",59.23,139.88
"1435",101.29,131.24
"1436",141.63,132.97
"1437",118.45,144.2
"1438",88.41,134.7
"1439",97,134.7
"1440",159.66,120.88
"1441",95.28,134.7
"1442",117.6,134.7
"1443",80.69,123.47
"1444",90.13,133.84
"1445",113.3,120.88
"1446",121.03,150.24
"1447",160.52,121.75
"1448",90.99,139.88
"1449",98.71,144.2
"1450",70.39,113.98
"1451",103.86,128.65
"1452",96.14,127.79
"1453",125.32,148.51
"1454",130.47,143.33
"1455",109.01,163.19
"1456",92.7,170.96
"1457",110.73,144.2
"1458",138.2,146.79
"1459",66.09,149.38
"1460",119.31,147.65
"1461",103.86,129.52
"1462",170.82,143.33
"1463",64.38,145.92
"1464",75.54,133.84
"1465",103,132.97
"1466",81.55,106.2
"1467",109.01,130.38
"1468",82.4,147.65
"1469",115.02,113.11
"1470",84.98,136.43
"1471",113.3,132.11
"1472",89.27,149.38
"1473",50.64,140.74
"1474",11.16,154.56
"1475",76.39,161.47
"1476",151.93,118.29
"1477",85.84,151.1
"1478",72.96,133.84
"1479",106.44,150.24
"1480",116.74,169.24
"1481",104.72,138.15
"1482",89.27,139.02
"1483",118.45,163.19
"1484",93.56,107.07
"1485",69.53,145.06
"1486",55.79,145.06
"1487",90.13,143.33
"1488",95.28,182.19
"1489",78.97,142.47
"1490",118.45,148.51
"1491",144.21,133.84
"1492",139.06,125.2
"1493",106.44,139.88
"1494",119.31,142.47
"1495",72.1,119.16
"1496",121.03,170.1
"1497",78.11,152.83
"1498",86.7,108.8
"1499",106.44,121.75
"1500",90.99,122.61
"1501",96.14,126.06
"1502",92.7,159.74
"1503",150.21,129.52
"1504",95.28,107.93
"1505",78.97,136.43
"1506",99.57,148.51
"1507",107.3,132.11
"1508",127.04,120.88
"1509",124.46,150.24
"1510",84.98,164.06
"1511",61.8,174.42
"1512",97.85,145.06
"1513",78.11,117.43
"1514",116.74,150.24
"1515",86.7,147.65
"1516",131.33,152.83
"1517",128.76,115.7
"1518",95.28,123.47
"1519",86.7,158.88
"1520",111.59,113.98
"1521",117.6,126.93
"1522",82.4,157.15
"1523",156.22,150.24
"1524",80.69,151.97
"1525",103.86,128.65
"1526",126.18,138.15
"1527",148.5,113.11
"1528",91.85,120.88
"1529",130.47,142.47
"1530",129.61,108.8
"1531",65.24,156.29
"1532",127.9,150.24
"1533",125.32,126.93
"1534",78.97,114.84
"1535",50.64,151.1
"1536",95.28,136.43
"1537",157.08,146.79
"1538",125.32,126.93
"1539",136.48,150.24
"1540",90.99,136.43
"1541",97,153.69
"1542",66.09,163.19
"1543",106.44,150.24
"1544",121.89,134.7
"1545",78.97,152.83
"1546",97,112.25
"1547",72.1,141.61
"1548",96.14,164.06
"1549",116.74,112.25
"1550",56.65,173.55
"1551",104.72,169.24
"1552",62.66,156.29
"1553",107.3,148.51
"1554",92.7,133.84
"1555",125.32,139.02
"1556",121.89,117.43
"1557",103,126.93
"1558",123.61,128.65
"1559",75.54,135.56
"1560",146.78,157.15
"1561",140.77,135.56
"1562",111.59,122.61
"1563",140.77,139.02
"1564",136.48,148.51
"1565",121.89,100.16
"1566",103,94.98
"1567",113.3,154.56
"1568",99.57,147.65
"1569",117.6,120.88
"1570",125.32,110.52
"1571",123.61,101.89
"1572",123.61,101.89
"1573",116.74,82.89
"1574",62.66,99.3
"1575",89.27,82.03
"1576",103.86,145.92
"1577",115.02,92.39
"1578",102.15,120.88
"1579",103.86,166.65
"1580",100.43,139.88
"1581",150.21,148.51
"1582",149.36,158.01
"1583",91.85,145.06
"1584",95.28,139.88
"1585",88.41,151.97
"1586",93.56,122.61
"1587",145.92,110.52
"1588",175.97,124.34
"1589",178.54,120.88
"1590",180.26,106.2
"1591",130.47,111.39
"1592",105.58,64.76
"1593",96.14,76.85
"1594",97,94.98
"1595",66.95,94.12
"1596",85.84,97.57
"1597",90.99,101.89
"1598",122.75,71.67
"1599",132.19,61.31
"1600",115.88,94.12
"1601",116.74,80.3
"1602",147.64,168.37
"1603",127.04,183.05
"1604",81.55,89.8
"1605",81.55,89.8
"1606",102.15,126.93
"1607",125.32,96.71
"1608",75.54,133.84
"1609",84.98,101.89
"1610",104.72,147.65
"1611",108.15,101.02
"1612",80.69,157.15
"1613",86.7,69.08
"1614",121.89,75.12
"1615",123.61,125.2
"1616",117.6,84.62
"1617",84.98,91.53
"1618",91.85,113.98
"1619",93.56,158.01
"1620",117.6,105.34
"1621",54.94,106.2
"1622",92.7,144.2
"1623",123.61,87.21
"1624",116.74,68.21
"1625",116.74,68.21
"1626",97.85,111.39
"1627",97.85,111.39
"1628",97,93.25
"1629",100.43,94.12
"1630",103,103.61
"1631",104.72,111.39
"1632",80.69,126.06
"1633",80.69,126.06
"1634",128.76,95.84
"1635",103,120.02
"1636",128.76,86.35
"1637",97,139.02
"1638",54.08,185.64
"1639",65.24,159.74
"1640",103.86,149.38
"1641",102.15,146.79
"1642",113.3,136.43
"1643",84.12,155.42
"1644",138.2,138.15
"1645",137.34,116.57
"1646",115.02,119.16
"1647",60.09,141.61
"1648",115.02,119.16
"1649",114.16,150.24
"1650",104.72,140.74
"1651",106.44,107.07
"1652",126.18,134.7
"1653",115.02,110.52
"1654",157.94,133.84
"1655",82.4,139.02
"1656",78.11,154.56
"1657",115.02,152.83
"1658",47.21,132.97
"1659",138.2,140.74
"1660",71.24,109.66
"1661",123.61,147.65
"1662",104.72,108.8
"1663",114.16,136.43
"1664",108.15,91.53
"1665",90.99,130.38
"1666",130.47,114.84
"1667",84.98,124.34
"1668",76.39,130.38
"1669",122.75,120.02
"1670",98.71,125.2
"1671",86.7,145.92
"1672",127.9,129.52
"1673",76.39,126.06
"1674",96.14,124.34
"1675",93.56,145.92
"1676",85.84,137.29
"1677",83.26,91.53
"1678",94.42,116.57
"1679",66.09,97.57
"1680",70.39,126.93
"1681",128.76,141.61
"1682",66.09,188.23
"1683",139.06,139.02
"1684",122.75,151.1
"1685",103,144.2
"1686",79.83,149.38
"1687",127.04,103.61
"1688",80.69,141.61
"1689",112.45,167.51
"1690",112.45,167.51
"1691",93.56,153.69
"1692",118.45,141.61
"1693",108.15,171.83
"1694",70.39,127.79
"1695",59.23,120.88
"1696",125.32,145.06
"1697",55.79,170.1
"1698",72.1,153.69
"1699",80.69,134.7
"1700",105.58,154.56
"1701",116.74,141.61
"1702",107.3,137.29
"1703",137.34,149.38
"1704",80.69,154.56
"1705",100.43,118.29
"1706",111.59,177.87
"1707",98.71,149.38
"1708",87.55,117.43
"1709",66.09,164.06
"1710",88.41,148.51
"1711",106.44,132.97
"1712",127.9,118.29
"1713",90.13,115.7
"1714",74.68,119.16
"1715",76.39,146.79
"1716",102.15,167.51
"1717",124.46,157.15
"1718",109.01,152.83
"1719",97,124.34
"1720",143.35,143.33
"1721",110.73,149.38
"1722",143.35,131.24
"1723",145.92,155.42
"1724",97.85,183.92
"1725",94.42,149.38
"1726",97,88.07
"1727",118.45,89.8
"1728",83.26,110.52
"1729",97.85,147.65
"1730",88.41,135.56
"1731",147.64,129.52
"1732",122.75,122.61
"1733",124.46,121.75
"1734",108.15,131.24
"1735",80.69,109.66
"1736",116.74,147.65
"1737",48.07,158.01
"1738",64.38,180.46
"1739",90.13,142.47
"1740",68.67,157.15
"1741",139.06,140.74
"1742",104.72,128.65
"1743",121.89,157.15
"1744",137.34,113.98
"1745",122.75,133.84
"1746",101.29,166.65
"1747",99.57,148.51
"1748",146.78,114.84
"1749",108.15,143.33
"1750",145.06,123.47
"1751",110.73,151.97
"1752",64.38,140.74
"1753",103.86,151.97
"1754",88.41,142.47
"1755",118.45,149.38
"1756",104.72,152.83
"1757",124.46,148.51
"1758",109.87,139.88
"1759",120.17,147.65
"1760",149.36,120.02
"1761",90.99,155.42
"1762",105.58,154.56
"1763",64.38,130.38
"1764",42.92,129.52
"1765",97.85,115.7
"1766",105.58,151.1
"1767",127.04,145.06
"1768",52.36,170.96
"1769",84.98,126.06
"1770",91.85,132.11
"1771",98.71,146.79
"1772",106.44,118.29
"1773",54.08,121.75
"1774",121.03,133.84
"1775",110.73,138.15
"1776",98.71,158.88
"1777",65.24,106.2
"1778",93.56,121.75
"1779",73.82,145.06
"1780",103.86,127.79
"1781",78.11,127.79
"1782",98.71,154.56
"1783",110.73,164.92
"1784",118.45,145.92
"1785",127.9,143.33
"1786",84.98,162.33
"1787",70.39,131.24
"1788",88.41,132.97
"1789",109.87,120.88
"1790",147.64,123.47
"1791",75.54,136.43
"1792",64.38,140.74
"1793",82.4,133.84
"1794",91.85,122.61
"1795",64.38,109.66
"1796",96.14,186.51
"1797",118.45,117.43
"1798",136.48,120.02
"1799",86.7,143.33
"1800",118.45,136.43
"1801",92.7,152.83
"1802",108.15,152.83
"1803",78.11,119.16
"1804",100.43,126.06
"1805",91.85,132.97
"1806",87.55,106.2
"1807",97.85,110.52
"1808",91.85,129.52
"1809",95.28,142.47
"1810",62.66,177.01
"1811",109.87,122.61
"1812",97,123.47
"1813",76.39,128.65
"1814",81.55,144.2
"1815",84.12,152.83
"1816",95.28,130.38
"1817",93.56,157.15
"1818",82.4,170.96
"1819",100.43,139.88
"1820",60.94,146.79
"1821",83.26,153.69
"1822",100.43,168.37
"1823",72.1,144.2
"1824",91.85,160.6
"1825",84.98,154.56
"1826",92.7,112.25
"1827",90.99,145.06
"1828",122.75,158.01
"1829",103,109.66
"1830",77.25,182.19
"1831",84.98,149.38
"1832",107.3,143.33
"1833",66.95,120.88
"1834",115.02,96.71
"1835",73.82,128.65
"1836",84.12,124.34
"1837",113.3,145.06
"1838",48.07,145.92
"1839",81.55,137.29
"1840",71.24,134.7
"1841",71.24,150.24
"1842",96.14,138.15
"1843",122.75,129.52
"1844",113.3,113.11
"1845",54.94,142.47
"1846",65.24,138.15
"1847",57.51,125.2
"1848",134.76,126.93
"1849",105.58,139.88
"1850",112.45,113.98
"1851",58.37,175.28
"1852",69.53,150.24
"1853",84.12,168.37
"1854",85.84,146.79
"1855",83.26,120.88
"1856",135.62,141.61
"1857",57.51,151.97
"1858",66.09,151.97
